id,barthez rouge1 p,barthez rouge1 r,barthez rouge1 f1,barthez rouge2 p,barthez rouge2 r,barthez rouge2 f1,barthez rougel p,barthez rougel r,barthez rougel f1,barthez bertscore p,barthez bertscore r,barthez bertscore f1,openassistant rouge1 p,openassistant rouge1 r,openassistant rouge1 f1,openassistant rouge2 p,openassistant rouge2 r,openassistant rouge2 f1,openassistant rougel p,openassistant rougel r,openassistant rougel f1,openassistant bertscore p,openassistant bertscore r,openassistant bertscore f1,chatgpt rouge1 p,chatgpt rouge1 r,chatgpt rouge1 f1,chatgpt rouge2 p,chatgpt rouge2 r,chatgpt rouge2 f1,chatgpt rougel p,chatgpt rougel r,chatgpt rougel f1,chatgpt bertscore p,chatgpt bertscore r,chatgpt bertscore f1
Debate_Data/Débat Zemmour Mélenchon/Résumés + etc/Partie 1 - La france est elle en danger/Partie 1.2 - Insécurité,0.3577981651376147,0.34310850439882695,0.3502994011976048,0.07975460122699386,0.07647058823529412,0.0780780780780781,0.1559633027522936,0.18681318681318682,0.17,0.6538781,0.7224616,0.6864611,0.3385012919896641,0.47985347985347987,0.39696969696969703,0.10880829015544041,0.24,0.1497326203208556,0.13953488372093023,0.3068181818181818,0.19182948490230906,0.7181612,0.74519396,0.72680086,0.4032258064516129,0.6410256410256411,0.49504950495049505,0.15011547344110854,0.37142857142857144,0.2138157894736842,0.22350230414746544,0.2844574780058651,0.2503225806451613,0.76854074,0.7929653,0.780562
Debate_Data/Débat Zemmour Mélenchon/Résumés + etc/Partie 1 - La france est elle en danger/Partie 1.1 - La france a t_elle tout fait pour faire intégrer les immigrants,0.3411764705882353,0.44130434782608696,0.38483412322274885,0.10101010101010101,0.13071895424836602,0.11396011396011396,0.14789915966386555,0.19130434782608696,0.16682464454976303,0.69120723,0.7361366,0.71296483,0.4771084337349398,0.43043478260869567,0.45257142857142857,0.14492753623188406,0.13071895424836602,0.13745704467353953,0.21686746987951808,0.1956521739130435,0.20571428571428574,0.7230549,0.7568164,0.73955053,0.3527885862516213,0.591304347826087,0.4419171405361495,0.09090909090909091,0.29045643153526973,0.1384767556874382,0.1608300907911803,0.26956521739130435,0.20146222583265638,0.7613392,0.7664895,0.76390564
Debate_Data/Débat Zemmour Mélenchon/Résumés + etc/Partie 1 - La france est elle en danger/Partie 1.3 - La france risque t_elle un déclassement à l_échelle internationale,0.29767441860465116,0.40764331210191085,0.34408602150537637,0.08411214953271028,0.11538461538461539,0.09729729729729729,0.12093023255813953,0.16560509554140126,0.13978494623655913,0.63779527,0.6749532,0.6558484,0.3967391304347826,0.5,0.44242424242424244,0.14207650273224043,0.16666666666666666,0.1533923303834808,0.22282608695652173,0.2808219178082192,0.24848484848484848,0.7314168,0.7420379,0.73668903,0.36824324324324326,0.7465753424657534,0.4932126696832579,0.18983050847457628,0.38620689655172413,0.2545454545454545,0.25675675675675674,0.5205479452054794,0.3438914027149321,0.7564143,0.789222,0.77246994
Debate_Data/Débat Zemmour Mélenchon/Résumés + etc/Partie 2 - Comment réduire la fracture sociale/La france en 2050,0.42857142857142855,0.3891213389121339,0.4078947368421053,0.12962962962962962,0.11764705882352941,0.12334801762114536,0.17511520737327188,0.18536585365853658,0.18009478672985782,0.68367946,0.6933968,0.68546265,0.41735537190082644,0.4926829268292683,0.4519015659955257,0.0954356846473029,0.11274509803921569,0.10337078651685394,0.16942148760330578,0.17154811715481172,0.17047817047817046,0.73943114,0.7442011,0.7418084,0.45325779036827196,0.6694560669456067,0.5405405405405405,0.19886363636363635,0.29411764705882354,0.23728813559322032,0.28611898016997167,0.4225941422594142,0.3412162162162162,0.732548,0.7651875,0.7485121
Debate_Data/Débat Zemmour Mélenchon/Résumés + etc/Partie 2 - Comment réduire la fracture sociale/Le pouvoir d_achat,0.43416370106761565,0.2646420824295011,0.3288409703504043,0.12142857142857143,0.07391304347826087,0.0918918918918919,0.21352313167259787,0.1301518438177874,0.16172506738544476,0.6686495,0.72085905,0.69377345,0.5011185682326622,0.4534412955465587,0.47608926673751323,0.1547085201793722,0.13995943204868155,0.14696485623003197,0.20134228187919462,0.19522776572668113,0.19823788546255505,0.7469311,0.7497638,0.7457205,0.703125,0.45546558704453444,0.5528255528255528,0.27899686520376177,0.18052738336713997,0.21921182266009853,0.334375,0.2165991902834008,0.2628992628992629,0.79541665,0.7667116,0.78080034
Debate_Data/Débat Zemmour Mélenchon/Résumés + etc/Partie 2 - Comment réduire la fracture sociale/L_abstention,0.36101083032490977,0.423728813559322,0.3898635477582846,0.09057971014492754,0.08169934640522876,0.0859106529209622,0.18050541516245489,0.16286644951140064,0.17123287671232879,0.63805926,0.68394816,0.6578736,0.5297297297297298,0.4152542372881356,0.4655581947743468,0.1358695652173913,0.10638297872340426,0.11933174224343676,0.21621621621621623,0.1694915254237288,0.19002375296912113,0.7400465,0.72016495,0.72997034,0.381057268722467,0.5635179153094463,0.454664914586071,0.1456953642384106,0.28085106382978725,0.19186046511627905,0.19823788546255505,0.3813559322033898,0.2608695652173913,0.75356394,0.79121536,0.77193075
Debate_Data/Débat Zemmour Mélenchon/Résumés + etc/Partie 2 - Comment réduire la fracture sociale/Baisse du CO2,0.40070921985815605,0.3333333333333333,0.3639291465378422,0.12455516014234876,0.10355029585798817,0.11308562197092084,0.2127659574468085,0.17699115044247787,0.1932367149758454,0.68429625,0.72672224,0.7048714,0.42424242424242425,0.41297935103244837,0.4185351270553064,0.09422492401215805,0.3163265306122449,0.1451990632318501,0.22424242424242424,0.2182890855457227,0.2212257100149477,0.7294462,0.77446246,0.7432601,0.43207126948775054,0.5722713864306784,0.49238578680203043,0.17857142857142858,0.23668639053254437,0.2035623409669211,0.21158129175946547,0.28023598820059,0.24111675126903553,0.72656894,0.7790276,0.7479161
Debate_Data/Macron_lepen_2_Alignmeet/Partie 2 - International/Partie 2.1 - Ukraine,0.554140127388535,0.375,0.4473007712082262,0.16932907348242812,0.11447084233261338,0.1365979381443299,0.16560509554140126,0.24413145539906103,0.19734345351043645,0.71244514,0.7142073,0.71332514,0.4222222222222222,0.5533980582524272,0.4789915966386554,0.14869888475836432,0.1951219512195122,0.1687763713080169,0.2111111111111111,0.2766990291262136,0.2394957983193277,0.71949077,0.747347,0.73315436,0.5386266094420601,0.540948275862069,0.539784946236559,0.15913978494623657,0.36097560975609755,0.2208955223880597,0.21030042918454936,0.47572815533980584,0.2916666666666667,0.75525594,0.7868285,0.76768345
Debate_Data/Macron_lepen_2_Alignmeet/Partie 2 - International/Partie 2.2 - UE,0.48854961832061067,0.4444444444444444,0.46545454545454545,0.19540229885057472,0.17770034843205576,0.18613138686131386,0.24427480916030533,0.2222222222222222,0.23272727272727273,0.66653705,0.7007729,0.6830323,0.34334763948497854,0.4166666666666667,0.37647058823529417,0.10344827586206896,0.1256544502617801,0.11347517730496452,0.18025751072961374,0.21875,0.19764705882352943,0.6964048,0.7247744,0.71030647,0.5221987315010571,0.6024390243902439,0.5594563986409966,0.22033898305084745,0.3623693379790941,0.2740447957839262,0.24312896405919662,0.3993055555555556,0.302233902759527,0.75763845,0.810954,0.78339016
Debate_Data/Macron_lepen_2_Alignmeet/Partie 4 - Hôpital,0.44711538461538464,0.3079470198675497,0.36470588235294116,0.13526570048309178,0.09032258064516129,0.10831721470019341,0.22596153846153846,0.15112540192926044,0.18111753371868974,0.6757136,0.69641125,0.6859063,0.4658385093167702,0.24115755627009647,0.3177966101694915,0.1125,0.05806451612903226,0.07659574468085106,0.2857142857142857,0.14790996784565916,0.19491525423728812,0.694201,0.68467116,0.6894031,0.451271186440678,0.7052980132450332,0.5503875968992248,0.208067940552017,0.32558139534883723,0.2538860103626943,0.2648305084745763,0.4139072847682119,0.32299741602067183,0.77976334,0.8025451,0.79099023
Debate_Data/Macron_lepen_2_Alignmeet/Partie 5 - Ecologie_Energie,0.44333333333333336,0.3778409090909091,0.4079754601226994,0.11371237458193979,0.09686609686609686,0.10461538461538461,0.19333333333333333,0.17008797653958943,0.1809672386895476,0.6931506,0.7162925,0.7006457,0.5851851851851851,0.3147410358565737,0.4093264248704663,0.21641791044776118,0.116,0.15104166666666666,0.26666666666666666,0.14342629482071714,0.18652849740932642,0.7545499,0.72284484,0.7383571,0.639821029082774,0.466557911908646,0.539622641509434,0.17713004484304934,0.316,0.2270114942528736,0.2639821029082774,0.3352272727272727,0.295369211514393,0.7871339,0.7945738,0.79024774
Debate_Data/Macron_lepen_2_Alignmeet/Partie 6 - Techno,0.5241379310344828,0.2923076923076923,0.3753086419753087,0.1388888888888889,0.07722007722007722,0.09925558312655086,0.2689655172413793,0.15,0.1925925925925926,0.6848482,0.68284434,0.6815106,0.43243243243243246,0.34782608695652173,0.38554216867469876,0.12217194570135746,0.13043478260869565,0.12616822429906543,0.21621621621621623,0.17391304347826086,0.19277108433734938,0.7162614,0.7436488,0.72969824,0.41492537313432837,0.6682692307692307,0.5119705340699815,0.18862275449101795,0.30434782608695654,0.23290203327171902,0.22388059701492538,0.3605769230769231,0.27624309392265195,0.71484053,0.7394083,0.72691685
Debate_Data/Macron_lepen_2_Alignmeet/Partie 9 - Laïcité,0.4756756756756757,0.43349753694581283,0.4536082474226804,0.1978319783197832,0.1483739837398374,0.1695702671312427,0.20540540540540542,0.22551928783382788,0.21499292786421498,0.73417515,0.730847,0.7293141,0.508,0.3768545994065282,0.43270868824531517,0.13253012048192772,0.12313432835820895,0.12765957446808512,0.264,0.19584569732937684,0.22487223168654172,0.72034,0.72268593,0.72151107,0.5599250936329588,0.6064908722109533,0.5822784810126582,0.22326454033771106,0.241869918699187,0.2321951219512195,0.24531835205992508,0.2657200811359026,0.2551119766309639,0.78096175,0.7879635,0.78304595
Debate_Data/Macron_lepen_2_Alignmeet/Partie 3 - Retraite,0.480225988700565,0.37610619469026546,0.4218362282878412,0.1643059490084986,0.11812627291242363,0.1374407582938389,0.2231638418079096,0.16056910569105692,0.18676122931442082,0.6910705,0.7345718,0.7070225,0.45054945054945056,0.46458923512747874,0.4574616457461646,0.10192837465564739,0.16666666666666666,0.1264957264957265,0.24175824175824176,0.17886178861788618,0.20560747663551404,0.7425091,0.7596811,0.750997,0.6052631578947368,0.6188340807174888,0.6119733924611974,0.27312775330396477,0.27927927927927926,0.2761692650334076,0.37280701754385964,0.3811659192825112,0.3769401330376941,0.80066353,0.8025291,0.8015953
Debate_Data/Macron_lepen_2_Alignmeet/Partie 8 - Sécurité,0.38545454545454544,0.375886524822695,0.3806104129263913,0.12043795620437957,0.11743772241992882,0.11891891891891893,0.16363636363636364,0.1595744680851064,0.1615798922800718,0.6991894,0.69439876,0.69678587,0.5412844036697247,0.2610619469026549,0.3522388059701493,0.19444444444444445,0.09333333333333334,0.12612612612612611,0.3486238532110092,0.168141592920354,0.22686567164179106,0.7528935,0.7161478,0.73406106,0.5574324324324325,0.7300884955752213,0.6321839080459771,0.30847457627118646,0.40444444444444444,0.35000000000000003,0.36824324324324326,0.4823008849557522,0.41762452107279696,0.8032166,0.8301599,0.816466
Debate_Data/Macron_lepen_2_Alignmeet/Partie 1 - Pouvoir d_achat,0.5163551401869159,0.44377510040160645,0.4773218142548596,0.1686182669789227,0.16981132075471697,0.16921269095182137,0.21728971962616822,0.18674698795180722,0.20086393088552915,0.70227313,0.7376327,0.7095077,0.44798301486199577,0.38294010889292196,0.4129158512720157,0.13404255319148936,0.11454545454545455,0.12352941176470589,0.18259023354564755,0.2023529411764706,0.1919642857142857,0.7313593,0.74257517,0.73503286,0.4581589958158996,0.6908517350157729,0.5509433962264151,0.18867924528301888,0.2848101265822785,0.2269861286254729,0.2698744769874477,0.3035294117647059,0.28571428571428575,0.7994039,0.81491613,0.80708545
Debate_Data/Macron_lepen_2_Alignmeet/Partie 10 - Institutions,0.39662447257383965,0.33451957295373663,0.3629343629343629,0.1440677966101695,0.12142857142857143,0.1317829457364341,0.2109704641350211,0.17793594306049823,0.19305019305019305,0.6409648,0.7124083,0.67237806,0.5326633165829145,0.42231075697211157,0.47111111111111115,0.1919191919191919,0.152,0.16964285714285712,0.2814070351758794,0.22310756972111553,0.24888888888888888,0.7549251,0.74533343,0.7443039,0.44360902255639095,0.6298932384341637,0.5205882352941176,0.1708542713567839,0.272,0.20987654320987653,0.21553884711779447,0.30604982206405695,0.2529411764705882,0.73510325,0.76341337,0.7317421
Debate_Data/Macron_lepen_2_Alignmeet/Partie 7 - Education,0.6118421052631579,0.3576923076923077,0.45145631067961167,0.1848184818481848,0.10789980732177264,0.1362530413625304,0.2631578947368421,0.15384615384615385,0.1941747572815534,0.71797305,0.7219871,0.71997446,0.5822784810126582,0.2866043613707165,0.3841336116910229,0.17197452229299362,0.09642857142857143,0.12356979405034324,0.26582278481012656,0.1494661921708185,0.19134396355353075,0.739179,0.7201894,0.7295606,0.5328467153284672,0.5341463414634147,0.533495736906212,0.18536585365853658,0.18581907090464547,0.18559218559218557,0.24574209245742093,0.24634146341463414,0.24604141291108403,0.76651895,0.7748153,0.77064484
Debate_Data/Zemmour_Pécresse/Pouvoir d_achat,0.47,0.24479166666666666,0.3219178082191781,0.1717171717171717,0.08900523560209424,0.11724137931034484,0.33,0.171875,0.22602739726027396,0.6990521,0.69613963,0.69221383,0.5030674846625767,0.4270833333333333,0.4619718309859155,0.18518518518518517,0.14423076923076922,0.16216216216216214,0.25766871165644173,0.21875,0.23661971830985915,0.7636561,0.7741138,0.7688494,0.3917808219178082,0.807909604519774,0.5276752767527675,0.22252747252747251,0.4602272727272727,0.3,0.2547945205479452,0.484375,0.3339317773788151,0.7497045,0.8037467,0.77578557
Debate_Data/Zemmour_Pécresse/Souveraineté,0.3939393939393939,0.325,0.35616438356164376,0.09923664122137404,0.08176100628930817,0.0896551724137931,0.1893939393939394,0.15625,0.17123287671232879,0.67825377,0.6892885,0.6800272,0.33881578947368424,0.64375,0.44396551724137934,0.15841584158415842,0.3018867924528302,0.2077922077922078,0.17763157894736842,0.3375,0.23275862068965514,0.7227963,0.7674037,0.73942643,0.17416829745596868,0.41013824884792627,0.24450549450549447,0.03529411764705882,0.11320754716981132,0.05381165919282511,0.09393346379647749,0.3,0.14307004470938897,0.66827476,0.6854731,0.67676467
Debate_Data/Zemmour_Pécresse/Réfugiés et XYZ,0.3547486033519553,0.4551971326164875,0.3987441130298273,0.09523809523809523,0.1223021582733813,0.10708661417322833,0.1564245810055866,0.2007168458781362,0.17582417582417584,0.6823468,0.7241873,0.7026447,0.5708812260536399,0.36519607843137253,0.445440956651719,0.16923076923076924,0.10810810810810811,0.13193403298350825,0.2835249042145594,0.18137254901960784,0.22122571001494767,0.7544323,0.7428554,0.7485992,0.48429319371727747,0.4534313725490196,0.46835443037974683,0.15485564304461943,0.21223021582733814,0.1790591805766313,0.21465968586387435,0.2939068100358423,0.24810892586989405,0.74032843,0.739239,0.73978335
Debate_Data/Zemmour_Pécresse/Retraites,0.35714285714285715,0.2795031055900621,0.313588850174216,0.128,0.1,0.11228070175438597,0.20634920634920634,0.16149068322981366,0.18118466898954705,0.6860886,0.6796536,0.67787445,0.44285714285714284,0.38509316770186336,0.4119601328903654,0.12949640287769784,0.1125,0.12040133779264214,0.2714285714285714,0.2360248447204969,0.2524916943521595,0.7366875,0.7447875,0.7407154,0.5560975609756098,0.5533980582524272,0.5547445255474452,0.24509803921568626,0.24390243902439024,0.24449877750611246,0.2731707317073171,0.27184466019417475,0.2725060827250608,0.7634785,0.77401245,0.76870936
Debate_Data/Zemmour_Pécresse/Laïcité,0.3135593220338983,0.24025974025974026,0.2720588235294118,0.11965811965811966,0.038781163434903045,0.058577405857740586,0.1694915254237288,0.12987012987012986,0.14705882352941174,0.67857146,0.6735275,0.67230064,0.3284671532846715,0.5844155844155844,0.42056074766355134,0.08424908424908426,0.1503267973856209,0.107981220657277,0.15693430656934307,0.2792207792207792,0.20093457943925233,0.6907054,0.7344406,0.71157086,0.5582089552238806,0.5165745856353591,0.5365853658536586,0.16167664670658682,0.35294117647058826,0.22176591375770022,0.19402985074626866,0.42207792207792205,0.2658486707566462,0.7805505,0.78323275,0.7756071
Debate_Data/Zemmour_Pécresse/Mauvais_Président,0.39473684210526316,0.391304347826087,0.3930131004366812,0.13274336283185842,0.13513513513513514,0.13392857142857142,0.21929824561403508,0.21739130434782608,0.2183406113537118,0.68688226,0.70882285,0.6976801,0.08415841584158416,0.8439716312056738,0.15305466237942122,0.04600141542816702,0.4642857142857143,0.08370895041854474,0.048797736916548796,0.48936170212765956,0.08874598070739549,0.63535774,0.7292779,0.6761656,0.23366336633663368,0.8368794326241135,0.3653250773993808,0.13690476190476192,0.4928571428571429,0.2142857142857143,0.13267326732673268,0.475177304964539,0.20743034055727555,0.73358977,0.7977572,0.7643291
Debate_Data/Zemmour_Pécresse/OTAN,0.45794392523364486,0.33793103448275863,0.38888888888888895,0.1509433962264151,0.1111111111111111,0.12799999999999997,0.2336448598130841,0.1724137931034483,0.1984126984126984,0.66665506,0.6932766,0.6760885,0.453125,0.49572649572649574,0.47346938775510206,0.1968503937007874,0.21739130434782608,0.2066115702479339,0.2578125,0.28205128205128205,0.2693877551020408,0.76184016,0.76584136,0.7638355,0.256857855361596,0.6866666666666666,0.37386569872958253,0.14,0.4827586206896552,0.2170542635658915,0.16708229426433915,0.46206896551724136,0.2454212454212454,0.7041016,0.7882484,0.74380267
Debate_Data/Zemmour_Pécresse/Ecologie,0.5677966101694916,0.2875536480686695,0.3817663817663817,0.28205128205128205,0.14224137931034483,0.18911174785100288,0.3559322033898305,0.18025751072961374,0.23931623931623933,0.70438504,0.6987861,0.69964105,0.43283582089552236,0.29896907216494845,0.3536585365853659,0.19548872180451127,0.13471502590673576,0.15950920245398773,0.2537313432835821,0.17525773195876287,0.20731707317073172,0.73316795,0.7066956,0.7196884,0.3247011952191235,0.6995708154506438,0.44353741496598637,0.17764471057884232,0.38362068965517243,0.24283765347885403,0.21912350597609562,0.4721030042918455,0.29931972789115646,0.7222632,0.76071906,0.7409925
Debate_Data/Bardella_Panot_Véran/Partie 6 - L_assemblée,0.3902439024390244,0.5109780439121756,0.442523768366465,0.10229007633587786,0.134,0.11601731601731602,0.12804878048780488,0.16766467065868262,0.1452031114952463,0.6866122,0.72850394,0.70321375,0.4219114219114219,0.530791788856305,0.47012987012987006,0.12149532710280374,0.15294117647058825,0.13541666666666666,0.18181818181818182,0.2287390029325513,0.2025974025974026,0.74655545,0.7618101,0.7541056,0.456490727532097,0.6387225548902196,0.5324459234608985,0.17,0.35,0.22884615384615384,0.19686162624821682,0.2754491017964072,0.22961730449251247,0.78403604,0.79323035,0.78860635
Debate_Data/Bardella_Panot_Véran/Partie 7 - Conclusion,0.45871559633027525,0.29239766081871343,0.3571428571428571,0.16666666666666666,0.10588235294117647,0.12949640287769784,0.25688073394495414,0.16374269005847952,0.19999999999999998,0.69865686,0.67960083,0.68899703,0.4603174603174603,0.3411764705882353,0.3918918918918919,0.16,0.11494252873563218,0.13377926421404682,0.23809523809523808,0.17543859649122806,0.20202020202020202,0.7218224,0.69959486,0.7105349,0.33251833740831294,0.6903553299492385,0.4488448844884488,0.15441176470588236,0.37058823529411766,0.2179930795847751,0.20048899755501223,0.4685714285714286,0.2808219178082192,0.70760566,0.7689984,0.73601466
Debate_Data/Bardella_Panot_Véran/Partie 3 - Les Femmes,0.45058139534883723,0.3817733990147783,0.41333333333333333,0.13411078717201166,0.11358024691358025,0.12299465240641712,0.19186046511627908,0.1625615763546798,0.176,0.7018235,0.73263866,0.71690005,0.3292517006802721,0.5960591133004927,0.42418930762489043,0.11852861035422343,0.21481481481481482,0.1527655838454785,0.14829931972789115,0.2684729064039409,0.19106047326906223,0.69888365,0.73394275,0.7159843,0.6628571428571428,0.5043478260869565,0.5728395061728395,0.25287356321839083,0.19213973799126638,0.21836228287841192,0.37714285714285717,0.28695652173913044,0.32592592592592595,0.7889313,0.75980234,0.7740929
Debate_Data/Bardella_Panot_Véran/Partie 2 - Le passage en force,0.4591078066914498,0.4959839357429719,0.4768339768339769,0.16759776536312848,0.16791044776119404,0.16775396085740912,0.2100371747211896,0.21042830540037244,0.21023255813953487,0.71923876,0.7585865,0.73838884,0.39389067524115756,0.607940446650124,0.47804878048780486,0.13848631239935588,0.17303822937625754,0.15384615384615385,0.1495176848874598,0.23076923076923078,0.18146341463414634,0.7456175,0.75443435,0.75,0.559322033898305,0.5798722044728435,0.5694117647058824,0.22376543209876543,0.36069651741293535,0.2761904761904762,0.23266563944530047,0.3746898263027295,0.2870722433460076,0.8018805,0.79800594,0.7999385
"Debate_Data/Bardella_Panot_Véran/Partie 4 - Seniors, obstruction",0.4503424657534247,0.4311475409836066,0.44053601340033505,0.1423670668953688,0.15456238361266295,0.14821428571428572,0.17465753424657535,0.16721311475409836,0.1708542713567839,0.68825215,0.74062496,0.71347874,0.362116991643454,0.5038759689922481,0.4213938411669368,0.1005586592178771,0.14007782101167315,0.11707317073170732,0.1532033426183844,0.2131782945736434,0.17828200972447328,0.7004101,0.7039964,0.7021987,0.5213946117274167,0.6115241635687733,0.562874251497006,0.22380952380952382,0.26256983240223464,0.24164524421593833,0.21553090332805072,0.2527881040892193,0.23267750213857996,0.7584238,0.78542006,0.7716859
Debate_Data/Bardella_Panot_Véran/Partie 1 - Introduction,0.55,0.32038834951456313,0.4049079754601227,0.2605042016806723,0.15121951219512195,0.19135802469135801,0.36666666666666664,0.1752988047808765,0.23719676549865232,0.7305467,0.70236,0.7159073,0.3811881188118812,0.6086956521739131,0.4687975646879756,0.15384615384615385,0.3024390243902439,0.20394736842105265,0.19801980198019803,0.3187250996015936,0.24427480916030533,0.7131366,0.7257217,0.7193742,0.4420131291028446,0.7984189723320159,0.5690140845070423,0.22807017543859648,0.4126984126984127,0.2937853107344633,0.25820568927789933,0.466403162055336,0.33239436619718304,0.72738177,0.7656267,0.7446628
Debate_Data/Bardella_Panot_Véran/Partie 5 - La pénibilité,0.45695364238410596,0.4972972972972973,0.47627264883520276,0.1691542288557214,0.18411552346570398,0.1763180639585134,0.17549668874172186,0.19099099099099098,0.18291630716134596,0.73054105,0.74277914,0.73168814,0.4504950495049505,0.48148148148148145,0.4654731457800511,0.13647642679900746,0.16417910447761194,0.14905149051490518,0.16831683168316833,0.20238095238095238,0.18378378378378382,0.7494128,0.75788665,0.75362587,0.42463235294117646,0.6875,0.525,0.2007366482504604,0.3253731343283582,0.2482915717539863,0.25,0.40476190476190477,0.3090909090909091,0.7830343,0.79538417,0.78873974
Debate_Data/Autain_Attal_Bardella_Ciotti_Aligmneet/Partie 4 - Pénibilité,0.47161572052401746,0.37587006960556846,0.4183344092963202,0.09329446064139942,0.21333333333333335,0.12981744421906694,0.16448326055312956,0.19859402460456943,0.17993630573248406,0.70234495,0.73672074,0.7191223,0.5260586319218241,0.37470997679814383,0.4376693766937669,0.10114192495921696,0.20666666666666667,0.13581599123767799,0.17100977198697068,0.18453427065026362,0.17751479289940827,0.72996706,0.74828684,0.7389423,0.6433878157503715,0.5023201856148491,0.5641693811074918,0.18154761904761904,0.4066666666666667,0.25102880658436216,0.19316493313521546,0.4318936877076412,0.26694045174537984,0.7825104,0.7807683,0.7816384
Debate_Data/Autain_Attal_Bardella_Ciotti_Aligmneet/Partie 2 - Natalité,0.5153664302600472,0.4128787878787879,0.45846477392218715,0.09004739336492891,0.1484375,0.112094395280236,0.1607565011820331,0.17525773195876287,0.16769420468557336,0.70279056,0.7408962,0.7213405,0.47280334728033474,0.4396887159533074,0.4556451612903225,0.15966386554621848,0.09819121447028424,0.12159999999999999,0.17154811715481172,0.18981481481481483,0.18021978021978022,0.70737886,0.71558124,0.7088389,0.5658536585365853,0.5979381443298969,0.581453634085213,0.20048899755501223,0.3813953488372093,0.2628205128205129,0.2146341463414634,0.4074074074074074,0.28115015974440893,0.7957603,0.802637,0.79918385
Debate_Data/Autain_Attal_Bardella_Ciotti_Aligmneet/Partie 1 - Introduction,0.3237704918032787,0.42934782608695654,0.369158878504673,0.102880658436214,0.0880281690140845,0.09487666034155598,0.14344262295081966,0.19021739130434784,0.16355140186915887,0.6671679,0.6911571,0.6787049,0.3638968481375358,0.43197278911564624,0.39502332814930013,0.10919540229885058,0.1296928327645051,0.11856474258970358,0.17765042979942694,0.2108843537414966,0.192846034214619,0.675187,0.7200204,0.6968834,0.3720316622691293,0.7663043478260869,0.5008880994671403,0.14285714285714285,0.34615384615384615,0.20224719101123595,0.20316622691292877,0.49044585987261147,0.2873134328358209,0.7193891,0.7834472,0.7500529
Debate_Data/Autain_Attal_Bardella_Ciotti_Aligmneet/Partie 5 - Conclusion,0.47701149425287354,0.3824884792626728,0.42455242966751916,0.15028901734104047,0.12037037037037036,0.13367609254498714,0.19540229885057472,0.19767441860465115,0.19653179190751444,0.7031494,0.7141353,0.7044856,0.4830508474576271,0.38513513513513514,0.42857142857142855,0.19658119658119658,0.1564625850340136,0.17424242424242423,0.23728813559322035,0.1891891891891892,0.2105263157894737,0.7252865,0.7212559,0.7208088,0.36363636363636365,0.735632183908046,0.4866920152091255,0.16809116809116809,0.34502923976608185,0.22605363984674326,0.2585227272727273,0.5290697674418605,0.3473282442748092,0.73669183,0.79697824,0.7609757
Debate_Data/Autain_Attal_Bardella_Ciotti_Aligmneet/Partie 3 - Les Seniors,0.4131944444444444,0.30512820512820515,0.35103244837758113,0.10104529616724739,0.05823293172690763,0.07388535031847134,0.17708333333333334,0.13076923076923078,0.1504424778761062,0.67464757,0.70171547,0.6879154,0.5058430717863105,0.4495548961424332,0.4760408483896308,0.12876254180602006,0.15461847389558234,0.14051094890510948,0.17863105175292154,0.21442885771543085,0.1948998178506375,0.75726295,0.7529434,0.755097,0.4716666666666667,0.4198813056379822,0.4442700156985871,0.12186978297161936,0.11370716510903427,0.11764705882352941,0.19,0.17729393468118196,0.18342719227674978,0.69474816,0.7259179,0.7096166
Debate_Data/Destaing_Miterrand_1/Partie 1 - Majorité,0.35076252723311546,0.5160256410256411,0.4176394293125811,0.08951965065502183,0.20918367346938777,0.1253822629969419,0.15468409586056645,0.22756410256410256,0.1841763942931258,0.655776,0.6998167,0.67107284,0.2560646900269542,0.48223350253807107,0.3345070422535212,0.062162162162162166,0.11734693877551021,0.08127208480565372,0.1320754716981132,0.24873096446700507,0.17253521126760565,0.67939276,0.7292969,0.68230504,0.3412887828162291,0.7258883248730964,0.46428571428571425,0.1722488038277512,0.3673469387755102,0.234527687296417,0.2171837708830549,0.4619289340101523,0.29545454545454547,0.73460484,0.7576989,0.74597317
Debate_Data/Destaing_Miterrand_1/Partie 2 - Peuple,0.3492407809110629,0.543918918918919,0.42536327608982827,0.08695652173913043,0.13559322033898305,0.10596026490066225,0.1279826464208243,0.19932432432432431,0.15587846763540292,0.6688033,0.71391124,0.6906215,0.34196891191709844,0.5063938618925832,0.40824742268041236,0.07612456747404844,0.27848101265822783,0.11956521739130434,0.15544041450777202,0.23017902813299232,0.18556701030927836,0.73880804,0.7515266,0.7451131,0.5647668393782384,0.36824324324324326,0.44580777096114527,0.140625,0.17088607594936708,0.15428571428571428,0.23834196891191708,0.2893081761006289,0.2613636363636363,0.7496656,0.7667631,0.758118
Debate_Data/Destaing_Miterrand_1/Partie 0 - Intro,0.4264069264069264,0.4310722100656455,0.42872687704026113,0.09761388286334056,0.25,0.140405616224649,0.13852813852813853,0.35359116022099446,0.1990668740279938,0.6912237,0.73496103,0.71143353,0.3802559414990859,0.4551422319474836,0.41434262948207173,0.10805860805860806,0.3277777777777778,0.162534435261708,0.12248628884826325,0.3701657458563536,0.18406593406593405,0.73757243,0.75894773,0.74810743,0.3915211970074813,0.615686274509804,0.4786585365853659,0.13857677902621723,0.2180746561886051,0.16946564885496185,0.17830423940149626,0.2803921568627451,0.21798780487804878,0.76022595,0.77568066,0.7639325
Debate_Data/Destaing_Miterrand_1/Partie 3 - Nationalisation,0.30357142857142855,0.36363636363636365,0.3309002433090025,0.06726457399103139,0.08064516129032258,0.07334963325183373,0.15178571428571427,0.18181818181818182,0.16545012165450124,0.6573223,0.7021245,0.6789851,0.2676056338028169,0.5864197530864198,0.36750483558994196,0.08757062146892655,0.19254658385093168,0.1203883495145631,0.12112676056338029,0.2654320987654321,0.16634429400386846,0.7015492,0.7521038,0.7202912,0.34277620396600567,0.6470588235294118,0.44814814814814813,0.14204545454545456,0.423728813559322,0.2127659574468085,0.1671388101983003,0.4957983193277311,0.25000000000000006,0.7355658,0.77975667,0.7547456
Debate_Data/Primaire_L1/Partie 4 - L_environnement,0.30344827586206896,0.35772357723577236,0.3283582089552239,0.08650519031141868,0.15060240963855423,0.10989010989010989,0.12758620689655173,0.2215568862275449,0.16192560175054707,0.6557655,0.72386265,0.68062645,0.32320441988950277,0.5154185022026432,0.3972835314091681,0.09141274238227147,0.23741007194244604,0.132,0.1574585635359116,0.2511013215859031,0.1935483870967742,0.7056861,0.74565434,0.72423893,0.3620689655172414,0.6475770925110133,0.4644549763033175,0.1382716049382716,0.3373493975903614,0.19614711033274954,0.15763546798029557,0.38323353293413176,0.22338568935427575,0.73342633,0.7813611,0.7566353
Debate_Data/Primaire_L1/Partie 7 - Voile,0.4344262295081967,0.4,0.4165029469548133,0.13580246913580246,0.165,0.1489841986455982,0.1762295081967213,0.21393034825870647,0.19325842696629214,0.7126818,0.73621327,0.717154,0.4858757062146893,0.32452830188679244,0.3891402714932126,0.13636363636363635,0.09090909090909091,0.10909090909090909,0.24293785310734464,0.16226415094339622,0.1945701357466063,0.7345275,0.7204884,0.7274403,0.65,0.5886792452830188,0.6178217821782178,0.27615062761506276,0.25,0.2624254473161034,0.3625,0.3283018867924528,0.3445544554455445,0.810591,0.79871035,0.8046068
Debate_Data/Primaire_L1/Partie 3 - Le pouvoir d_achat,0.525233644859813,0.41142020497803805,0.4614121510673234,0.149812734082397,0.14184397163120568,0.14571948998178508,0.2,0.15666178623718888,0.17569786535303775,0.719589,0.7599032,0.73919684,0.47019867549668876,0.23432343234323433,0.31277533039647576,0.18,0.047872340425531915,0.07563025210084033,0.24503311258278146,0.12211221122112212,0.1629955947136564,0.7307789,0.66662496,0.69722927,0.5633187772925764,0.5666178623718887,0.564963503649635,0.2259475218658892,0.22727272727272727,0.2266081871345029,0.24599708879184862,0.2991150442477876,0.26996805111821087,0.78324795,0.7942451,0.7885757
Debate_Data/Primaire_L1/Partie 2 - Désendettement,0.44415584415584414,0.434010152284264,0.43902439024390244,0.12239583333333333,0.18359375,0.146875,0.15584415584415584,0.23346303501945526,0.18691588785046728,0.7002232,0.73340976,0.71643233,0.4793388429752066,0.22568093385214008,0.30687830687830686,0.13333333333333333,0.0625,0.0851063829787234,0.2975206611570248,0.14007782101167315,0.1904761904761905,0.72986877,0.6702192,0.6987733,0.5418848167539267,0.5253807106598984,0.5335051546391752,0.2335958005249344,0.34765625,0.27943485086342235,0.24607329842931938,0.3657587548638132,0.29420970266040686,0.7620692,0.7617786,0.7619239
Debate_Data/Primaire_L1/Partie 1 - Quel type de président,0.391812865497076,0.46206896551724136,0.4240506329113924,0.17647058823529413,0.20833333333333334,0.19108280254777069,0.23391812865497075,0.27586206896551724,0.25316455696202533,0.6982933,0.7177095,0.70421004,0.42342342342342343,0.22705314009661837,0.29559748427672955,0.045454545454545456,0.034722222222222224,0.03937007874015749,0.1891891891891892,0.14482758620689656,0.16406250000000003,0.6961802,0.64827144,0.6710215,0.42733188720173537,0.6985815602836879,0.5302826379542396,0.24130434782608695,0.39501779359430605,0.29959514170040485,0.27765726681127983,0.5224489795918368,0.3626062322946176,0.73796684,0.8029151,0.7525272
Debate_Data/Primaire_L1/Partie 6 - Impunité,0.4952978056426332,0.412532637075718,0.45014245014245013,0.1509433962264151,0.09213051823416507,0.11442193087008344,0.2006269592476489,0.1671018276762402,0.18233618233618232,0.7173804,0.73094714,0.72410023,0.3802083333333333,0.47096774193548385,0.4207492795389049,0.11518324607329843,0.14285714285714285,0.12753623188405794,0.18229166666666666,0.22580645161290322,0.20172910662824206,0.73479545,0.7494897,0.7420699,0.5116883116883116,0.5143603133159269,0.5130208333333334,0.1953125,0.14395393474088292,0.16574585635359115,0.2701298701298701,0.19923371647509577,0.2293274531422271,0.7472147,0.7668437,0.7569019
Debate_Data/Primaire_L1/Partie 5 - L_Immigration,0.384,0.5333333333333333,0.44651162790697674,0.11481975967957277,0.16829745596868884,0.13650793650793652,0.14,0.19444444444444445,0.16279069767441862,0.7186173,0.73756516,0.72702885,0.4453924914675768,0.514792899408284,0.47758462946020125,0.1111111111111111,0.12845849802371542,0.11915673693858844,0.1621160409556314,0.1873767258382643,0.17383348581884722,0.74243283,0.75344867,0.7479001,0.4371794871794872,0.6725838264299803,0.5299145299145299,0.16559691912708602,0.25244618395303325,0.19999999999999998,0.18717948717948718,0.28515625,0.2260061919504644,0.7894698,0.78764695,0.78855735
Debate_Data/Sarko_Royale_Alignemeet/Partie 0 - Je ne sais pas,0.42424242424242425,0.44126074498567336,0.4325842696629213,0.1685082872928177,0.13800904977375567,0.15174129353233834,0.24242424242424243,0.1986455981941309,0.21836228287841192,0.7252089,0.74231046,0.7331576,0.42105263157894735,0.4897959183673469,0.45283018867924524,0.13656387665198239,0.15897435897435896,0.14691943127962084,0.2149122807017544,0.25,0.23113207547169812,0.7260604,0.7323512,0.7291922,0.43052837573385516,0.6027397260273972,0.502283105022831,0.12941176470588237,0.1896551724137931,0.15384615384615383,0.14285714285714285,0.37244897959183676,0.20650636492220648,0.7510858,0.7607523,0.75386345
Debate_Data/Sarko_Royale_Alignemeet/Partie 5 - Immigration,0.4945054945054945,0.5011135857461024,0.497787610619469,0.21145374449339208,0.21428571428571427,0.212860310421286,0.23736263736263735,0.24053452115812918,0.23893805309734512,0.7285572,0.75251895,0.7403442,0.5288888888888889,0.36503067484662577,0.4319419237749546,0.15178571428571427,0.10461538461538461,0.12386156648451731,0.23555555555555555,0.16257668711656442,0.1923774954627949,0.7110143,0.69636047,0.7036111,0.5602536997885835,0.5902004454342984,0.5748373101952277,0.24152542372881355,0.2544642857142857,0.24782608695652172,0.266384778012685,0.2806236080178174,0.2733188720173536,0.77875555,0.79405236,0.78632957
Debate_Data/Sarko_Royale_Alignemeet/Partie 2 - Retraites,0.44285714285714284,0.46616541353383456,0.45421245421245415,0.15513126491646778,0.16331658291457288,0.15911872705018362,0.21904761904761905,0.23057644110275688,0.22466422466422464,0.7027848,0.7387606,0.7203238,0.35323383084577115,0.4551282051282051,0.3977591036414566,0.075,0.0967741935483871,0.08450704225352113,0.15920398009950248,0.20512820512820512,0.1792717086834734,0.7010219,0.72106683,0.71090305,0.5591647331786543,0.6040100250626567,0.5807228915662651,0.23488372093023255,0.2537688442211055,0.24396135265700483,0.20417633410672853,0.5641025641025641,0.29982964224872233,0.775208,0.793818,0.7837123
Debate_Data/Sarko_Royale_Alignemeet/Partie 6 - République,0.42696629213483145,0.19487179487179487,0.26760563380281693,0.125,0.05670103092783505,0.07801418439716312,0.25842696629213485,0.11794871794871795,0.1619718309859155,0.68135023,0.66007364,0.6705432,0.5246913580246914,0.4594594594594595,0.4899135446685879,0.2111801242236025,0.14285714285714285,0.17042606516290726,0.2839506172839506,0.24864864864864866,0.2651296829971181,0.78304076,0.75407654,0.7682858,0.42996108949416345,0.5538847117794486,0.484118291347207,0.15009746588693956,0.3235294117647059,0.20505992010652466,0.20817120622568094,0.4476987447698745,0.2841965471447543,0.75533795,0.76881474,0.7620167
Debate_Data/Sarko_Royale_Alignemeet/Partie 1 - Plein Emploi,0.43765281173594134,0.4578005115089514,0.44750000000000006,0.19117647058823528,0.2,0.1954887218045113,0.21026894865525672,0.21994884910485935,0.21500000000000002,0.72952366,0.75022614,0.7397301,0.417607223476298,0.4731457800511509,0.4436450839328537,0.09276018099547512,0.2192513368983957,0.13036565977742448,0.16027088036117382,0.2508833922261484,0.19559228650137742,0.74681306,0.7606127,0.7536498,0.5280898876404494,0.6010230179028133,0.562200956937799,0.23648648648648649,0.2692307692307692,0.2517985611510791,0.2449438202247191,0.27877237851662406,0.2607655502392344,0.77566075,0.79318404,0.7843245
Debate_Data/Sarko_Royale_Alignemeet/Partie 7,0.4112903225806452,0.2512315270935961,0.3119266055045872,0.06504065040650407,0.05442176870748299,0.05925925925925927,0.1774193548387097,0.16666666666666666,0.171875,0.66762924,0.674793,0.6693845,0.4574468085106383,0.32575757575757575,0.3805309734513274,0.17204301075268819,0.12213740458015267,0.14285714285714288,0.3191489361702128,0.22727272727272727,0.2654867256637168,0.7473886,0.73269486,0.73563814,0.29638009049773756,0.645320197044335,0.40620155038759687,0.12471655328798185,0.3741496598639456,0.18707482993197277,0.16968325791855204,0.5067567567567568,0.2542372881355932,0.71731335,0.78320384,0.74881196
Debate_Data/Sarko_Royale_Alignemeet/Partie 4 - Ecole,0.37109375,0.3877551020408163,0.3792415169660679,0.09411764705882353,0.09836065573770492,0.09619238476953908,0.18359375,0.19183673469387755,0.187624750499002,0.6750249,0.7101614,0.69093686,0.35398230088495575,0.42328042328042326,0.38554216867469876,0.10222222222222223,0.0942622950819672,0.09808102345415778,0.17699115044247787,0.18181818181818182,0.17937219730941706,0.71090555,0.72183436,0.7151258,0.3367768595041322,0.6653061224489796,0.4471879286694101,0.10351966873706005,0.20491803278688525,0.1375515818431912,0.17768595041322313,0.3510204081632653,0.23593964334705075,0.7023177,0.74852043,0.72276676
Debate_Data/Sarko_Royale_Alignemeet/Partie 3 - La Fiscalité,0.4870967741935484,0.34085778781038373,0.40106241699867196,0.1423948220064725,0.12359550561797752,0.1323308270676692,0.25483870967741934,0.17832957110609482,0.2098273572377158,0.7169843,0.7190896,0.7180354,0.5242966751918159,0.46275395033860045,0.49160671462829736,0.14102564102564102,0.2412280701754386,0.1779935275080906,0.19948849104859334,0.28888888888888886,0.23600605143721634,0.7689676,0.7715379,0.7702506,0.4752475247524752,0.5417607223476298,0.5063291139240508,0.1865079365079365,0.21266968325791855,0.19873150105708243,0.2514851485148515,0.2866817155756208,0.2679324894514768,0.7535019,0.77836126,0.76572984
Debate_Data/Bardella_Darmanin/Partie 5 - L'inflation,0.47109826589595377,0.4453551912568306,0.45786516853932585,0.11884057971014493,0.12974683544303797,0.12405446293494707,0.1994219653179191,0.21835443037974683,0.20845921450151061,0.7096505,0.7543089,0.7311918,0.4174757281553398,0.2721518987341772,0.32950191570881227,0.13170731707317074,0.07397260273972603,0.09473684210526316,0.23300970873786409,0.14414414414414414,0.17810760667903525,0.68111277,0.68656516,0.6838281,0.5091383812010444,0.6170886075949367,0.5579399141630901,0.2198952879581152,0.26666666666666666,0.24103299856527977,0.26109660574412535,0.31645569620253167,0.2861230329041488,0.81064475,0.8040099,0.8073137
Debate_Data/Bardella_Darmanin/Partie 1 - Ukraine,0.4125,0.4852941176470588,0.44594594594594594,0.1069182389937107,0.13821138211382114,0.12056737588652483,0.15625,0.20161290322580644,0.17605633802816903,0.7143779,0.7218204,0.710948,0.49074074074074076,0.4061302681992337,0.4444444444444444,0.12093023255813953,0.14942528735632185,0.13367609254498714,0.14814814814814814,0.25806451612903225,0.18823529411764706,0.72952145,0.7428438,0.72893363,0.3450834879406308,0.7126436781609196,0.465,0.12639405204460966,0.39080459770114945,0.19101123595505617,0.15213358070500926,0.6029411764705882,0.24296296296296294,0.726109,0.7991946,0.7581393
Debate_Data/Bardella_Darmanin/Partie 7 - La sécurité,0.4743935309973046,0.4,0.43403205918619,0.12972972972972974,0.10933940774487472,0.11866501854140915,0.19137466307277629,0.16136363636363638,0.17509247842170161,0.69934154,0.7259725,0.71240824,0.37272727272727274,0.4659090909090909,0.41414141414141414,0.08206686930091185,0.14754098360655737,0.10546875000000001,0.21212121212121213,0.1590909090909091,0.18181818181818182,0.72198117,0.7258564,0.72391355,0.6032863849765259,0.5840909090909091,0.5935334872979215,0.19294117647058823,0.311787072243346,0.23837209302325585,0.3051643192488263,0.29545454545454547,0.3002309468822171,0.8081728,0.80081654,0.8044778
Debate_Data/Bardella_Darmanin/Partie 3 - Retraite,0.41369047619047616,0.5054545454545455,0.45499181669394434,0.1373134328358209,0.1678832116788321,0.15106732348111657,0.18154761904761904,0.22181818181818183,0.19967266775777412,0.72521687,0.74878204,0.7368111,0.48484848484848486,0.2909090909090909,0.3636363636363636,0.18902439024390244,0.09717868338557993,0.12836438923395443,0.24848484848484848,0.14909090909090908,0.18636363636363634,0.7230458,0.6967006,0.7079087,0.40148698884758366,0.675,0.5034965034965035,0.1713221601489758,0.2884012539184953,0.2149532710280374,0.19516728624535315,0.38181818181818183,0.25830258302583026,0.78958374,0.8051218,0.79727703
Debate_Data/Bardella_Darmanin/Partie 4 - Impôts,0.484472049689441,0.33620689655172414,0.3969465648854961,0.13125,0.17073170731707318,0.14840989399293286,0.2608695652173913,0.1810344827586207,0.21374045801526717,0.69572884,0.7169124,0.7005588,0.5302013422818792,0.38164251207729466,0.44382022471910115,0.21621621621621623,0.1839080459770115,0.19875776397515527,0.3221476510067114,0.2318840579710145,0.2696629213483146,0.7426209,0.73724926,0.7399253,0.2966101694915254,0.6763285024154589,0.4123711340206186,0.13800424628450106,0.3155339805825243,0.19202363367799113,0.1673728813559322,0.38164251207729466,0.23269513991163474,0.72180927,0.7650073,0.7342822
Debate_Data/Bardella_Darmanin/Partie 6  - Les aides,0.425531914893617,0.35842293906810035,0.38910505836575876,0.11965811965811966,0.0958904109589041,0.10646387832699618,0.19148936170212766,0.16129032258064516,0.17509727626459143,0.6790689,0.6987692,0.6887782,0.3552941176470588,0.515358361774744,0.4206128133704735,0.07783018867924528,0.15714285714285714,0.10410094637223974,0.16470588235294117,0.23890784982935154,0.19498607242339833,0.7452929,0.77326727,0.7566397,0.49625935162094764,0.5236842105263158,0.5096030729833546,0.1575,0.3,0.2065573770491803,0.18204488778054864,0.3459715639810427,0.238562091503268,0.7722763,0.7953891,0.78110105
Debate_Data/Bardella_Darmanin/Partie 8 - Sécurité 2,0.39901477832512317,0.4682080924855491,0.4308510638297873,0.09876543209876543,0.2094240837696335,0.1342281879194631,0.13054187192118227,0.2760416666666667,0.17725752508361206,0.7102346,0.7401387,0.7248783,0.34615384615384615,0.328125,0.33689839572192515,0.08839779005524862,0.0463768115942029,0.06083650190114069,0.16483516483516483,0.15625,0.16042780748663102,0.7027987,0.68653166,0.69456995,0.4260089686098655,0.5491329479768786,0.4797979797979798,0.10561797752808989,0.17870722433460076,0.1327683615819209,0.1726457399103139,0.2916666666666667,0.21690140845070421,0.7458086,0.75922984,0.75245935
Debate_Data/Bardella_Darmanin/Partie 2 - RN,0.5071428571428571,0.42011834319526625,0.4595469255663431,0.17985611510791366,0.1488095238095238,0.16286644951140064,0.21428571428571427,0.22388059701492538,0.21897810218978103,0.7130828,0.7366033,0.71956414,0.2684563758389262,0.29850746268656714,0.2826855123674911,0.033783783783783786,0.02976190476190476,0.03164556962025317,0.15436241610738255,0.17164179104477612,0.16254416961130744,0.68701464,0.659022,0.6695505,0.4037433155080214,0.6651982378854625,0.502495840266223,0.16353887399463807,0.3630952380952381,0.22550831792975973,0.19786096256684493,0.5522388059701493,0.2913385826771654,0.72084385,0.79602927,0.7478751
Debate_Data/Macron_Lepen_1_Alignmeet/Partie 4 - Ecole et institution/Partie 4.2 - Institutions,0.3374485596707819,0.41836734693877553,0.3735763097949886,0.05785123966942149,0.07179487179487179,0.06407322654462243,0.1440329218106996,0.16055045871559634,0.15184381778741865,0.6541903,0.7028045,0.66698414,0.42857142857142855,0.3853211009174312,0.4057971014492754,0.08205128205128205,0.16161616161616163,0.10884353741496598,0.14285714285714285,0.28,0.18918918918918917,0.7123077,0.7150521,0.7084778,0.4158730158730159,0.6009174311926605,0.4915572232645404,0.1464968152866242,0.2358974358974359,0.18074656188605107,0.2253968253968254,0.3622448979591837,0.27788649706457924,0.7443143,0.7749821,0.7593387
Debate_Data/Macron_Lepen_1_Alignmeet/Partie 4 - Ecole et institution/Partie 4.1 - Ecole,0.4296875,0.3254437869822485,0.37037037037037035,0.09448818897637795,0.07142857142857142,0.08135593220338982,0.2265625,0.17159763313609466,0.19528619528619529,0.67984366,0.70839024,0.69382346,0.34,0.25757575757575757,0.29310344827586204,0.06711409395973154,0.050761421319796954,0.057803468208092484,0.22,0.16666666666666666,0.18965517241379312,0.71280897,0.69961673,0.7061512,0.4015151515151515,0.803030303030303,0.5353535353535352,0.2,0.37264150943396224,0.2602965403624382,0.2297979797979798,0.5384615384615384,0.32212389380530976,0.7392782,0.79774153,0.767398
Debate_Data/Macron_Lepen_1_Alignmeet/Partie 1 - Economie/Partie 1.2 - 35h,0.4225941422594142,0.27823691460055094,0.33554817275747506,0.07563025210084033,0.049723756906077346,0.06,0.13389121338912133,0.2119205298013245,0.1641025641025641,0.6261866,0.6704228,0.6475501,0.3522012578616352,0.3708609271523179,0.3612903225806451,0.0759493670886076,0.08,0.07792207792207792,0.18867924528301888,0.1986754966887417,0.19354838709677422,0.71208256,0.7070415,0.709553,0.4697674418604651,0.6688741721854304,0.551912568306011,0.2383177570093458,0.34,0.28021978021978017,0.33488372093023255,0.4768211920529801,0.3934426229508196,0.7665509,0.80541885,0.7855044
Debate_Data/Macron_Lepen_1_Alignmeet/Partie 1 - Economie/Partie 1.4 - Protection sociale,0.3181818181818182,0.4,0.35443037974683544,0.13142857142857142,0.0777027027027027,0.09766454352441611,0.14772727272727273,0.18571428571428572,0.16455696202531647,0.6721132,0.6981605,0.67581487,0.4672897196261682,0.35714285714285715,0.4048582995951417,0.19811320754716982,0.07094594594594594,0.10447761194029852,0.24299065420560748,0.18571428571428572,0.21052631578947367,0.7584484,0.74001336,0.7491175,0.45454545454545453,0.6902356902356902,0.5481283422459893,0.23555555555555555,0.3581081081081081,0.28418230563002683,0.2727272727272727,0.41414141414141414,0.32887700534759357,0.7912093,0.78621465,0.7808508
Debate_Data/Macron_Lepen_1_Alignmeet/Partie 1 - Economie/Partie 1.3 - Impôt et pouvoir d_achat,0.446064139941691,0.3844221105527638,0.41295546558704455,0.14035087719298245,0.12090680100755667,0.12990527740189445,0.2099125364431487,0.18090452261306533,0.19433198380566802,0.67388934,0.7306695,0.6956956,0.5426136363636364,0.4798994974874372,0.5093333333333334,0.1737891737891738,0.15365239294710328,0.16310160427807485,0.22443181818181818,0.34051724137931033,0.2705479452054794,0.77081615,0.7717427,0.76925486,0.6745562130177515,0.5728643216080402,0.6195652173913044,0.3026706231454006,0.44155844155844154,0.3591549295774648,0.3076923076923077,0.4482758620689655,0.36491228070175435,0.8067671,0.7957561,0.80122375
Debate_Data/Macron_Lepen_1_Alignmeet/Partie 1 - Economie/Partie 1.1 - Chomage,0.30666666666666664,0.46,0.36800000000000005,0.08928571428571429,0.09174311926605505,0.09049773755656107,0.17333333333333334,0.1780821917808219,0.17567567567567566,0.65894437,0.6963341,0.6771235,0.5903614457831325,0.35507246376811596,0.44343891402714936,0.1393939393939394,0.08363636363636363,0.10454545454545455,0.1927710843373494,0.21333333333333335,0.20253164556962028,0.7262597,0.7313881,0.72598785,0.4968944099378882,0.5797101449275363,0.5351170568561873,0.1526479750778816,0.3288590604026846,0.20851063829787234,0.2236024844720497,0.2608695652173913,0.24080267558528426,0.72759426,0.7734128,0.74980426
Debate_Data/Macron_Lepen_1_Alignmeet/Partie 1 - Economie/Partie 1.5 - Retraite,0.36065573770491804,0.43137254901960786,0.39285714285714285,0.1813186813186813,0.21710526315789475,0.19760479041916168,0.18579234972677597,0.2222222222222222,0.2023809523809524,0.6787309,0.7420369,0.6923924,0.40397350993377484,0.4552238805970149,0.4280701754385965,0.12292358803986711,0.13857677902621723,0.13028169014084504,0.19205298013245034,0.21641791044776118,0.20350877192982456,0.7370925,0.7707198,0.73720187,0.45294117647058824,0.5746268656716418,0.5065789473684211,0.12979351032448377,0.2894736842105263,0.17922606924643586,0.18823529411764706,0.41830065359477125,0.25963488843813387,0.72239876,0.78422564,0.7478063
Debate_Data/Macron_Lepen_1_Alignmeet/Partie 2 - Sécurité/Tolérence Zéro + Indoctrination sur le territoire,0.4005167958656331,0.4246575342465753,0.41223404255319146,0.13471502590673576,0.14285714285714285,0.1386666666666667,0.18087855297157623,0.1917808219178082,0.18617021276595747,0.6776129,0.7193166,0.697243,0.4090909090909091,0.4090909090909091,0.4090909090909091,0.10030395136778116,0.20754716981132076,0.13524590163934427,0.15151515151515152,0.3125,0.20408163265306123,0.7158516,0.7409599,0.7207175,0.5047021943573667,0.4410958904109589,0.47076023391812866,0.2861635220125786,0.14421553090332806,0.19178082191780824,0.18181818181818182,0.3625,0.24217118997912315,0.7172327,0.7496295,0.72988975
Debate_Data/Macron_Lepen_1_Alignmeet/Partie 2 - Sécurité/Immigration,0.29343629343629346,0.40425531914893614,0.34004474272930646,0.08139534883720931,0.11229946524064172,0.0943820224719101,0.1583011583011583,0.21808510638297873,0.18344519015659955,0.64810383,0.6931975,0.66415876,0.4892086330935252,0.37988826815642457,0.42767295597484273,0.15942028985507245,0.12359550561797752,0.1392405063291139,0.26618705035971224,0.20670391061452514,0.23270440251572327,0.7147175,0.72702587,0.7208191,0.565597667638484,0.47665847665847666,0.5173333333333333,0.20760233918128654,0.398876404494382,0.27307692307692305,0.239067055393586,0.4581005586592179,0.31417624521072796,0.7749541,0.78032446,0.75769645
Debate_Data/Macron_Lepen_1_Alignmeet/Partie 3 - Europe,0.48464912280701755,0.3605220228384992,0.4134705332086062,0.12747252747252746,0.12446351931330472,0.12595005428881648,0.19078947368421054,0.14192495921696574,0.16276894293732458,0.6681117,0.7145193,0.68751866,0.5141776937618148,0.4437194127243067,0.4763572679509632,0.13636363636363635,0.15450643776824036,0.1448692152917505,0.1720226843100189,0.26843657817109146,0.20967741935483872,0.758481,0.76155484,0.76001483,0.5121580547112462,0.5497553017944535,0.5302911093627065,0.1430745814307458,0.2781065088757396,0.18894472361809045,0.20972644376899696,0.2955032119914347,0.24533333333333335,0.768744,0.7793727,0.7725819
Debate_Data/Hollande Sarko/Partie 1 - Chômage,0.4269005847953216,0.4515463917525773,0.43887775551102204,0.123046875,0.13291139240506328,0.127789046653144,0.15789473684210525,0.1670103092783505,0.1623246492985972,0.6542691,0.71092266,0.68127596,0.472,0.3726315789473684,0.41647058823529415,0.08823529411764706,0.17277486910994763,0.11681415929203541,0.13333333333333333,0.2604166666666667,0.1763668430335097,0.72329235,0.7403761,0.7317346,0.48973143759873616,0.6391752577319587,0.5545617173524149,0.23259493670886075,0.310126582278481,0.26582278481012656,0.25118483412322273,0.33473684210526317,0.2870036101083032,0.80537266,0.8102721,0.80781496
Debate_Data/Hollande Sarko/Partie 4 - L_Europe,0.4370629370629371,0.44483985765124556,0.4409171075837743,0.17192982456140352,0.175,0.17345132743362832,0.20279720279720279,0.2672811059907834,0.23061630218687873,0.6821015,0.71725655,0.6992374,0.47619047619047616,0.3914590747330961,0.4296875,0.15217391304347827,0.125,0.13725490196078433,0.22943722943722944,0.18861209964412812,0.20703125,0.7271725,0.7257631,0.72646713,0.5657492354740061,0.6583629893238434,0.6085526315789473,0.3220858895705521,0.375,0.34653465346534656,0.3730886850152905,0.43416370106761565,0.4013157894736842,0.7853383,0.80516624,0.79512864
"Debate_Data/Hollande Sarko/Partie 7 - Moi président, ma côte de popularité sera à 3_",0.40397350993377484,0.5020576131687243,0.44770642201834865,0.18272425249169436,0.22727272727272727,0.20257826887661143,0.17880794701986755,0.2222222222222222,0.19816513761467885,0.62815166,0.6912432,0.65818894,0.31690140845070425,0.23809523809523808,0.27190332326283984,0.0851063829787234,0.041666666666666664,0.055944055944055944,0.176056338028169,0.13227513227513227,0.1510574018126888,0.69089705,0.6831063,0.6832895,0.45476190476190476,0.6608996539792388,0.5387870239774329,0.18854415274463007,0.2743055555555556,0.22347949080622348,0.19285714285714287,0.42857142857142855,0.2660098522167488,0.7061474,0.75278974,0.72843975
Debate_Data/Hollande Sarko/Partie 2 - Pouvoir d_Achat,0.4858490566037736,0.3259493670886076,0.3901515151515152,0.1848341232227488,0.11854103343465046,0.14444444444444446,0.2688679245283019,0.17272727272727273,0.21033210332103322,0.6293943,0.73269147,0.677126,0.30036630036630035,0.5694444444444444,0.3932853717026379,0.12867647058823528,0.24475524475524477,0.16867469879518068,0.15384615384615385,0.2916666666666667,0.20143884892086333,0.73237646,0.7634078,0.7475703,0.45394736842105265,0.6272727272727273,0.5267175572519084,0.13846153846153847,0.4405594405594406,0.21070234113712374,0.23464912280701755,0.3242424242424242,0.272264631043257,0.7807547,0.7978138,0.7891921
Debate_Data/Hollande Sarko/Partie 6 - Le Nucléaire,0.6209677419354839,0.32489451476793246,0.42659279778393355,0.2682926829268293,0.13983050847457626,0.18384401114206128,0.3387096774193548,0.17721518987341772,0.23268698060941828,0.7269224,0.7104506,0.7178299,0.38461538461538464,0.5925925925925926,0.4664723032069971,0.12077294685990338,0.1865671641791045,0.14662756598240467,0.23557692307692307,0.20675105485232068,0.22022471910112362,0.744598,0.76866317,0.7564392,0.17331670822942644,0.5110294117647058,0.25884543761638734,0.03870162297128589,0.11439114391143912,0.057835820895522395,0.0885286783042394,0.2610294117647059,0.13221601489757914,0.6773268,0.6993546,0.6814462
Debate_Data/Hollande Sarko/Partie 8 - L_Afghanistan,0.33714285714285713,0.4796747967479675,0.3959731543624161,0.13793103448275862,0.19672131147540983,0.16216216216216217,0.18857142857142858,0.2682926829268293,0.22147651006711408,0.668846,0.73043203,0.6946205,0.4621212121212121,0.4959349593495935,0.4784313725490196,0.19083969465648856,0.20491803278688525,0.19762845849802374,0.26515151515151514,0.2845528455284553,0.2745098039215686,0.74895453,0.76706076,0.7578995,0.28773584905660377,0.6666666666666666,0.40197693574958815,0.1702127659574468,0.5901639344262295,0.2642201834862385,0.18160377358490565,0.6260162601626016,0.2815356489945155,0.7305062,0.82214797,0.7736226
Debate_Data/Hollande Sarko/Partie 5 - L_Immigration,0.40492170022371365,0.565625,0.4719687092568449,0.13004484304932734,0.18181818181818182,0.15163398692810456,0.16554809843400448,0.23125,0.19295958279009126,0.6306122,0.6931697,0.6567329,0.4717607973421927,0.45806451612903226,0.46481178396072015,0.15666666666666668,0.15210355987055016,0.15435139573070608,0.14950166112956811,0.215311004784689,0.17647058823529413,0.72525305,0.7324078,0.7288128,0.31926863572433195,0.7322580645161291,0.44466209598432904,0.15774647887323945,0.36245954692556637,0.21982335623159963,0.14345991561181434,0.31875,0.1978661493695441,0.73162305,0.75044656,0.7409153
Debate_Data/Hollande Sarko/Partie 3 - Dette et déficit,0.4549763033175355,0.4682926829268293,0.4615384615384615,0.12589073634204276,0.1295843520782396,0.12771084337349398,0.2014218009478673,0.2073170731707317,0.20432692307692307,0.64749444,0.704176,0.67464674,0.3723076923076923,0.6722222222222223,0.4792079207920792,0.11728395061728394,0.2122905027932961,0.1510934393638171,0.16615384615384615,0.3,0.21386138613861386,0.7086276,0.7582954,0.73262066,0.4960835509138381,0.6260296540362438,0.5535324107793154,0.19869281045751633,0.2508250825082508,0.22173595915390223,0.19973890339425587,0.25205930807248766,0.2228696285506191,0.7591721,0.7898656,0.7649086
Debate_Data/Chirac_Jospin_Alignmeet/Partie 5 - Immigration,0.4064516129032258,0.45,0.4271186440677966,0.09740259740259741,0.09146341463414634,0.09433962264150943,0.1935483870967742,0.16393442622950818,0.17751479289940825,0.6859454,0.7039022,0.6948078,0.36633663366336633,0.5285714285714286,0.4327485380116959,0.09950248756218906,0.14388489208633093,0.11764705882352941,0.16831683168316833,0.24285714285714285,0.19883040935672516,0.70837426,0.72330177,0.70727247,0.3887147335423197,0.6019417475728155,0.4723809523809523,0.14779874213836477,0.3381294964028777,0.20568927789934355,0.2476489028213166,0.43169398907103823,0.3147410358565737,0.72726715,0.77171195,0.7459692
Debate_Data/Chirac_Jospin_Alignmeet/Partie 2 - Le Chômage,0.4064665127020785,0.5285285285285285,0.45953002610966054,0.09490740740740741,0.12349397590361445,0.10732984293193716,0.17321016166281755,0.16483516483516483,0.16891891891891894,0.69991153,0.7335179,0.7097785,0.2707736389684814,0.4896373056994819,0.34870848708487084,0.09182209469153516,0.14096916299559473,0.1112076455256299,0.12177650429799428,0.2552552552552553,0.16488845780795347,0.7600534,0.7657567,0.7628944,0.5903307888040712,0.5098901098901099,0.5471698113207546,0.1913265306122449,0.38071065989847713,0.2546689303904924,0.20610687022900764,0.4090909090909091,0.27411167512690354,0.7805147,0.7922425,0.7863349
Debate_Data/Chirac_Jospin_Alignmeet/Partie 4 - Logements,0.3821656050955414,0.4332129963898917,0.4060913705583756,0.08626198083067092,0.10074626865671642,0.09294320137693632,0.1624203821656051,0.1895910780669145,0.17495711835334476,0.6479322,0.6858994,0.65645367,0.34986945169712796,0.4511784511784512,0.3941176470588236,0.07853403141361257,0.10135135135135136,0.08849557522123894,0.1618798955613577,0.20875420875420875,0.1823529411764706,0.6859013,0.72179466,0.69441724,0.5648854961832062,0.4983164983164983,0.5295169946332738,0.19157088122605365,0.16891891891891891,0.17953321364452424,0.29389312977099236,0.25925925925925924,0.2754919499105545,0.7529612,0.7920526,0.76515704
Debate_Data/Chirac_Jospin_Alignmeet/Partie 1 - Les Institutions,0.35974643423137875,0.5483091787439613,0.4344497607655502,0.10158730158730159,0.1549636803874092,0.12272291466922337,0.14580031695721077,0.2222222222222222,0.17607655502392344,0.69783056,0.732072,0.7145413,0.3178036605657238,0.5520231213872833,0.40337909186906024,0.08666666666666667,0.1890909090909091,0.11885714285714286,0.13976705490848584,0.2028985507246377,0.16551724137931034,0.73166674,0.7460193,0.73573124,0.4672727272727273,0.6207729468599034,0.533195020746888,0.18214936247723132,0.24213075060532688,0.20790020790020788,0.24,0.3188405797101449,0.27385892116182575,0.77851987,0.7997851,0.7890092
Debate_Data/Chirac_Jospin_Alignmeet/Partie 3 - Salaires pensions,0.36419753086419754,0.43703703703703706,0.3973063973063973,0.10835913312693499,0.09308510638297872,0.10014306151645208,0.1697530864197531,0.2037037037037037,0.1851851851851852,0.64239126,0.7151674,0.67443407,0.4739583333333333,0.337037037037037,0.3939393939393939,0.08900523560209424,0.11888111888111888,0.10179640718562873,0.18229166666666666,0.24305555555555555,0.20833333333333331,0.73110867,0.75470805,0.74272096,0.47045951859956237,0.5702917771883289,0.5155875299760192,0.1337719298245614,0.42657342657342656,0.2036727879799666,0.24288840262582057,0.29442970822281167,0.26618705035971224,0.7836565,0.79758203,0.78495425
Debate_Data/Chirac_Jospin_Alignmeet/Partie 6 - Agriculture,0.42342342342342343,0.2568306010928962,0.3197278911564626,0.13636363636363635,0.09554140127388536,0.11235955056179775,0.2882882882882883,0.14746543778801843,0.1951219512195122,0.6974844,0.7241312,0.71055806,0.47317073170731705,0.5300546448087432,0.5000000000000001,0.1568627450980392,0.17582417582417584,0.16580310880829016,0.21951219512195122,0.2459016393442623,0.23195876288659795,0.77325594,0.7610353,0.767097,0.4264264264264264,0.6543778801843319,0.5163636363636364,0.1536144578313253,0.2802197802197802,0.19844357976653695,0.2552552552552553,0.391705069124424,0.3090909090909091,0.7418183,0.78592193,0.7609556
Debate_Data/Primaire_LR_2_Alignmeet/Partie 4 - Education-islam,0.4472049689440994,0.4044943820224719,0.4247787610619469,0.11875,0.16521739130434782,0.13818181818181818,0.18633540372670807,0.25862068965517243,0.21660649819494585,0.6999886,0.73618186,0.71152097,0.46853146853146854,0.37640449438202245,0.4174454828660436,0.09859154929577464,0.12173913043478261,0.10894941634241245,0.22377622377622378,0.1797752808988764,0.19937694704049846,0.7321939,0.73977023,0.72839665,0.19327731092436976,0.5168539325842697,0.28134556574923547,0.05263157894736842,0.14124293785310735,0.07668711656441718,0.10294117647058823,0.2752808988764045,0.14984709480122324,0.679489,0.6763878,0.6779348
Debate_Data/Primaire_LR_2_Alignmeet/Partie 8 - L_écologie,0.3492063492063492,0.4370860927152318,0.388235294117647,0.0851063829787234,0.10666666666666667,0.09467455621301775,0.20634920634920634,0.14661654135338345,0.1714285714285714,0.6803044,0.70379525,0.6918505,0.4166666666666667,0.3439153439153439,0.37681159420289856,0.08387096774193549,0.06914893617021277,0.07580174927113703,0.21794871794871795,0.17989417989417988,0.19710144927536233,0.7151197,0.6980028,0.7064576,0.31844660194174756,0.6165413533834586,0.4199743918053777,0.11284046692607004,0.2188679245283019,0.14890885750962773,0.1553398058252427,0.3007518796992481,0.204865556978233,0.71062577,0.7173253,0.7132405
Debate_Data/Primaire_LR_2_Alignmeet/Partie 5 - Les retraites,0.371900826446281,0.4147465437788018,0.39215686274509803,0.1078838174273859,0.12149532710280374,0.11428571428571428,0.17355371900826447,0.1935483870967742,0.1830065359477124,0.6550664,0.7052132,0.67368084,0.44370860927152317,0.3116279069767442,0.366120218579235,0.08666666666666667,0.06018518518518518,0.07103825136612023,0.1986754966887417,0.1388888888888889,0.16348773841961853,0.7188761,0.70000887,0.70526797,0.35091743119266056,0.7116279069767442,0.4700460829493087,0.19080459770114944,0.3878504672897196,0.2557781201848998,0.20642201834862386,0.4186046511627907,0.2764976958525346,0.73384213,0.78450954,0.7520385
Debate_Data/Primaire_LR_2_Alignmeet/Partie 10 - Les républicains,0.5115681233933161,0.4094650205761317,0.4548571428571428,0.09020618556701031,0.18229166666666666,0.12068965517241381,0.15938303341902313,0.18289085545722714,0.1703296703296703,0.71320206,0.7472252,0.72981733,0.31,0.38271604938271603,0.3425414364640884,0.10552763819095477,0.04329896907216495,0.06140350877192982,0.17,0.20987654320987653,0.18784530386740333,0.70636916,0.69122195,0.6987135,0.5344036697247706,0.4794238683127572,0.5054229934924077,0.19770114942528735,0.25443786982248523,0.222509702457956,0.22477064220183487,0.2890855457227139,0.25290322580645164,0.75892997,0.79524636,0.7766639
Debate_Data/Primaire_LR_2_Alignmeet/Partie 9 - L_IVG,0.40540540540540543,0.28846153846153844,0.33707865168539325,0.10909090909090909,0.07741935483870968,0.09056603773584905,0.21621621621621623,0.15384615384615385,0.1797752808988764,0.71043473,0.7107415,0.7104377,0.4774193548387097,0.47435897435897434,0.4758842443729903,0.2012987012987013,0.2,0.20064724919093854,0.23870967741935484,0.23717948717948717,0.23794212218649516,0.77022576,0.7462735,0.75806046,0.3838383838383838,0.628099173553719,0.47648902821316613,0.19746835443037974,0.3236514522821577,0.24528301886792453,0.23737373737373738,0.3884297520661157,0.2946708463949843,0.73142874,0.80174017,0.7649722
Debate_Data/Primaire_LR_2_Alignmeet/Partie 7 - L_énergie,0.425531914893617,0.2702702702702703,0.3305785123966942,0.0967741935483871,0.061224489795918366,0.075,0.2127659574468085,0.13513513513513514,0.1652892561983471,0.6871574,0.7239802,0.7050884,0.33,0.3333333333333333,0.3316582914572864,0.08080808080808081,0.08,0.08040201005025126,0.2,0.13513513513513514,0.16129032258064516,0.76349556,0.7526001,0.7580087,0.1871345029239766,0.6486486486486487,0.29046898638426627,0.080078125,0.41836734693877553,0.13442622950819672,0.09746588693957114,0.49504950495049505,0.16286644951140064,0.72925186,0.81328386,0.7689789
Debate_Data/Primaire_LR_2_Alignmeet/Partie 6 - Les dépenses,0.49504950495049505,0.33783783783783783,0.40160642570281124,0.11442786069651742,0.07796610169491526,0.09274193548387095,0.2376237623762376,0.16216216216216217,0.19277108433734938,0.6997129,0.73788786,0.7113307,0.5958904109589042,0.2939189189189189,0.3936651583710407,0.22758620689655173,0.11186440677966102,0.15,0.2191780821917808,0.2077922077922078,0.21333333333333335,0.7534062,0.7292845,0.73430413,0.5646687697160884,0.6047297297297297,0.5840130505709624,0.2848101265822785,0.3050847457627119,0.2945990180032733,0.29652996845425866,0.31756756756756754,0.3066884176182708,0.75373894,0.7710146,0.7553562
Debate_Data/Primaire_LR_2_Alignmeet/Partie 2 -  Russie,0.3756906077348066,0.3541666666666667,0.36461126005361927,0.06111111111111111,0.09243697478991597,0.07357859531772575,0.1712707182320442,0.18235294117647058,0.17663817663817663,0.6826439,0.7092925,0.69203305,0.31203007518796994,0.4322916666666667,0.36244541484716164,0.09811320754716982,0.2184873949579832,0.13541666666666669,0.13533834586466165,0.3076923076923077,0.18798955613577023,0.71773404,0.756396,0.7359586,0.3106796116504854,0.6666666666666666,0.423841059602649,0.0948905109489051,0.33620689655172414,0.1480075901328273,0.17233009708737865,0.3697916666666667,0.23509933774834438,0.7050471,0.77772546,0.730001
Debate_Data/Primaire_LR_2_Alignmeet/Partie 1 - Introduction,0.4142857142857143,0.2,0.26976744186046514,0.08695652173913043,0.04285714285714286,0.057416267942583726,0.21428571428571427,0.1485148514851485,0.17543859649122806,0.6880517,0.6716257,0.67188156,0.391304347826087,0.6237623762376238,0.4809160305343511,0.14375,0.23,0.17692307692307693,0.16770186335403728,0.26732673267326734,0.20610687022900764,0.7486658,0.77447987,0.7613541,0.2374429223744292,0.7375886524822695,0.35924006908462863,0.09610983981693363,0.3,0.14558058925476602,0.15753424657534246,0.48936170212765956,0.23834196891191708,0.70501626,0.78597933,0.7432996
Debate_Data/Primaire_LR_2_Alignmeet/Partie 3 - Les valeurs,0.4437299035369775,0.47586206896551725,0.45923460898502494,0.0967741935483871,0.12552301255230125,0.1092896174863388,0.19292604501607716,0.15873015873015872,0.1741654571843251,0.70402455,0.73323053,0.71833074,0.4026315789473684,0.40476190476190477,0.4036939313984169,0.10817941952506596,0.10875331564986737,0.10846560846560846,0.1736842105263158,0.1746031746031746,0.17414248021108178,0.7415296,0.7018597,0.7211495,0.4304932735426009,0.5079365079365079,0.46601941747572817,0.1101123595505618,0.20502092050209206,0.1432748538011696,0.19730941704035873,0.30344827586206896,0.2391304347826087,0.7533263,0.7394775,0.7463377
Debate_Data/Royale_Bayroux_Alignmeet/Partie 8 - Education,0.4205607476635514,0.38461538461538464,0.4017857142857143,0.1509433962264151,0.13793103448275862,0.14414414414414412,0.21495327102803738,0.19658119658119658,0.20535714285714285,0.70228946,0.71924615,0.70737326,0.3413173652694611,0.48717948717948717,0.40140845070422543,0.0963855421686747,0.12307692307692308,0.10810810810810811,0.20359281437125748,0.3008849557522124,0.24285714285714285,0.72980154,0.7567395,0.74302644,0.3140794223826715,0.7435897435897436,0.44162436548223355,0.13043478260869565,0.3103448275862069,0.18367346938775508,0.18411552346570398,0.4358974358974359,0.2588832487309645,0.7121308,0.80705905,0.7540626
Debate_Data/Royale_Bayroux_Alignmeet/Partie 2 - Média,0.2714285714285714,0.2111111111111111,0.23750000000000002,0.11594202898550725,0.0761904761904762,0.09195402298850575,0.15714285714285714,0.12222222222222222,0.13749999999999998,0.66572344,0.68323195,0.6724875,0.2629310344827586,0.48412698412698413,0.3407821229050279,0.07792207792207792,0.22784810126582278,0.1161290322580645,0.1206896551724138,0.35,0.1794871794871795,0.69045514,0.76428413,0.72113526,0.18494623655913978,0.6825396825396826,0.2910321489001692,0.09267241379310345,0.4095238095238095,0.15114235500878737,0.12258064516129032,0.5377358490566038,0.19964973730297725,0.6857341,0.7807539,0.7232748
Debate_Data/Royale_Bayroux_Alignmeet/Partie 7 - Police,0.46153846153846156,0.4153846153846154,0.4372469635627531,0.1072961373390558,0.17482517482517482,0.13297872340425532,0.19658119658119658,0.17692307692307693,0.18623481781376516,0.6846919,0.7130456,0.697739,0.3231707317073171,0.4076923076923077,0.36054421768707484,0.0672782874617737,0.15384615384615385,0.09361702127659574,0.13109756097560976,0.2986111111111111,0.1822033898305085,0.6988751,0.7364117,0.7171526,0.32688172043010755,0.5846153846153846,0.4193103448275862,0.08405172413793104,0.312,0.13242784380305603,0.14193548387096774,0.25384615384615383,0.1820689655172414,0.71457845,0.7576825,0.73549944
Debate_Data/Royale_Bayroux_Alignmeet/Partie 6 - Emploi,0.36923076923076925,0.5333333333333333,0.43636363636363634,0.09652509652509653,0.13966480446927373,0.1141552511415525,0.1576923076923077,0.22777777777777777,0.18636363636363637,0.6649713,0.7038902,0.6838775,0.41214057507987223,0.4942528735632184,0.4494773519163763,0.14102564102564102,0.16923076923076924,0.15384615384615385,0.18210862619808307,0.21839080459770116,0.19860627177700352,0.7221531,0.7462307,0.728821,0.39631336405529954,0.6590038314176245,0.49496402877697837,0.16166281755196305,0.2692307692307692,0.202020202020202,0.19815668202764977,0.32950191570881227,0.24748201438848919,0.71480167,0.7566576,0.7313759
Debate_Data/Royale_Bayroux_Alignmeet/Partie 9 - Nucléaire etc,0.33962264150943394,0.4576271186440678,0.38989169675090246,0.10126582278481013,0.13675213675213677,0.11636363636363638,0.16352201257861634,0.22033898305084745,0.18772563176895304,0.68659604,0.7224735,0.69896096,0.39,0.37681159420289856,0.38329238329238324,0.09547738693467336,0.1484375,0.1162079510703364,0.16,0.24806201550387597,0.1945288753799392,0.7097311,0.7385692,0.7195266,0.298,0.7198067632850241,0.4214992927864215,0.12224448897795591,0.5213675213675214,0.19805194805194803,0.15,0.36231884057971014,0.21216407355021216,0.7054103,0.78904843,0.74488896
Debate_Data/Royale_Bayroux_Alignmeet/Partie 5 - Economie,0.37786259541984735,0.3626373626373626,0.3700934579439252,0.11494252873563218,0.1986754966887417,0.14563106796116504,0.16030534351145037,0.27631578947368424,0.20289855072463767,0.66238177,0.7458982,0.7016636,0.2134646962233169,0.47619047619047616,0.2947845804988662,0.06085526315789474,0.13602941176470587,0.08409090909090909,0.09523809523809523,0.21245421245421245,0.13151927437641722,0.6823719,0.74956906,0.7058672,0.4426229508196721,0.5934065934065934,0.5070422535211268,0.15616438356164383,0.20955882352941177,0.17896389324960754,0.16666666666666666,0.40131578947368424,0.2355212355212355,0.7236618,0.8009732,0.74581754
Debate_Data/Royale_Bayroux_Alignmeet/Partie 1 - Institution,0.40229885057471265,0.3710247349823322,0.3860294117647059,0.09230769230769231,0.13114754098360656,0.10835214446952597,0.14559386973180077,0.20652173913043478,0.17078651685393256,0.674878,0.7150419,0.6922316,0.5266272189349113,0.31448763250883394,0.3938053097345133,0.05357142857142857,0.06716417910447761,0.05960264900662251,0.14201183431952663,0.17777777777777778,0.15789473684210528,0.7046701,0.71505713,0.691589,0.42105263157894735,0.5936395759717314,0.4926686217008797,0.13316582914572864,0.2896174863387978,0.18244406196213428,0.16541353383458646,0.358695652173913,0.22641509433962267,0.70789087,0.76606745,0.72660446
Debate_Data/Royale_Bayroux_Alignmeet/Partie 3 - Députés,0.32,0.25,0.2807017543859649,0.0707070707070707,0.05511811023622047,0.061946902654867256,0.15,0.15463917525773196,0.15228426395939085,0.6725878,0.6841884,0.6747065,0.2569444444444444,0.38144329896907214,0.30705394190871366,0.04895104895104895,0.07291666666666667,0.058577405857740586,0.16666666666666666,0.24742268041237114,0.19917012448132781,0.68974507,0.7030561,0.696337,0.32974910394265233,0.71875,0.4520884520884521,0.15467625899280577,0.33858267716535434,0.2123456790123457,0.17562724014336917,0.3828125,0.24078624078624078,0.72201586,0.7746705,0.747417
Debate_Data/Royale_Bayroux_Alignmeet/Partie 4 - Europe,0.3816793893129771,0.5102040816326531,0.4366812227074236,0.13409961685823754,0.3017241379310345,0.18567639257294427,0.13740458015267176,0.3076923076923077,0.18997361477572558,0.686445,0.74340725,0.70716745,0.42857142857142855,0.38461538461538464,0.4054054054054054,0.20192307692307693,0.14383561643835616,0.168,0.3047619047619048,0.21768707482993196,0.25396825396825395,0.7342051,0.7236378,0.72888315,0.4489795918367347,0.6086956521739131,0.5167785234899329,0.195906432748538,0.26587301587301587,0.2255892255892256,0.21282798833819241,0.2885375494071146,0.24496644295302014,0.7129846,0.7587004,0.7351325
Debate_Data/Mitterand Chirac/Partie 5 - L_Europe,0.4752851711026616,0.30413625304136255,0.370919881305638,0.12595419847328243,0.08048780487804878,0.09821428571428571,0.17870722433460076,0.15562913907284767,0.1663716814159292,0.65380335,0.68925685,0.6710621,0.5450819672131147,0.3236009732360097,0.4061068702290076,0.09876543209876543,0.1610738255033557,0.12244897959183673,0.1721311475409836,0.28,0.21319796954314724,0.70993674,0.72815377,0.7189298,0.5555555555555556,0.4805914972273567,0.5153617443012883,0.16488222698072805,0.1425925925925926,0.1529294935451837,0.2329059829059829,0.20147874306839186,0.21605550049554015,0.7575476,0.74166834,0.73965895
Debate_Data/Mitterand Chirac/Partie 6 - Fiscalité,0.424390243902439,0.35365853658536583,0.38580931263858087,0.11274509803921569,0.09387755102040816,0.1024498886414254,0.21951219512195122,0.18292682926829268,0.19955654101995562,0.66980165,0.6976086,0.67690533,0.5222929936305732,0.3333333333333333,0.4069478908188585,0.23717948717948717,0.09736842105263158,0.1380597014925373,0.37579617834394907,0.1544502617801047,0.2189239332096475,0.73296094,0.73187923,0.73241967,0.44548872180451127,0.6220472440944882,0.5191675794085433,0.1638418079096045,0.22894736842105262,0.19099890230515917,0.212406015037594,0.29658792650918636,0.24753559693318733,0.75368434,0.76164675,0.75764465
Debate_Data/Mitterand Chirac/Partie 3 - Impartialité,0.40828402366863903,0.296137339055794,0.34328358208955223,0.06547619047619048,0.08148148148148149,0.07260726072607263,0.1301775147928994,0.23157894736842105,0.16666666666666669,0.6480146,0.6926444,0.66954273,0.32323232323232326,0.2807017543859649,0.30046948356807507,0.061224489795918366,0.05309734513274336,0.05687203791469194,0.20202020202020202,0.14705882352941177,0.1702127659574468,0.69518757,0.7050878,0.7001027,0.351409978308026,0.6952789699570815,0.4668587896253602,0.14130434782608695,0.2801724137931034,0.18786127167630057,0.21475054229934923,0.4248927038626609,0.2853025936599423,0.7302344,0.80533767,0.75617504
Debate_Data/Mitterand Chirac/Partie 8 - L_Immigration,0.3786407766990291,0.35697940503432496,0.3674911660777386,0.04866180048661801,0.15267175572519084,0.07380073800738009,0.1407766990291262,0.1676300578034682,0.15303430079155672,0.66966987,0.73605835,0.70129645,0.4378698224852071,0.5080091533180778,0.4703389830508474,0.07114624505928854,0.08256880733944955,0.07643312101910829,0.14201183431952663,0.20809248554913296,0.16881594372801875,0.69571483,0.73365945,0.7134941,0.5610972568578554,0.5148741418764302,0.5369928400954653,0.135,0.4122137404580153,0.2033898305084746,0.16708229426433915,0.5075757575757576,0.25140712945590993,0.7681774,0.78868663,0.7753699
Debate_Data/Mitterand Chirac/Partie 2 - Emploi,0.40350877192982454,0.304635761589404,0.3471698113207547,0.07079646017699115,0.05333333333333334,0.060836501901140684,0.18421052631578946,0.1390728476821192,0.15849056603773584,0.6448904,0.67047954,0.6568654,0.477124183006536,0.48344370860927155,0.48026315789473684,0.19078947368421054,0.19333333333333333,0.19205298013245034,0.24183006535947713,0.24503311258278146,0.24342105263157895,0.76318765,0.7736856,0.7587069,0.3367088607594937,0.4554794520547945,0.38719068413391555,0.1116751269035533,0.29333333333333333,0.16176470588235295,0.1848101265822785,0.48344370860927155,0.26739926739926745,0.70596266,0.777929,0.7358603
Debate_Data/Mitterand Chirac/Partie 4 - Nouvelle Calédonie,0.45549738219895286,0.37662337662337664,0.4123222748815166,0.08947368421052632,0.13385826771653545,0.10725552050473186,0.193717277486911,0.16017316017316016,0.17535545023696683,0.6784178,0.71443003,0.6959584,0.3902439024390244,0.375,0.3824701195219124,0.1557377049180328,0.14960629921259844,0.15261044176706828,0.21138211382113822,0.203125,0.20717131474103584,0.72894406,0.7146835,0.7217433,0.3753943217665615,0.5151515151515151,0.43430656934306566,0.11708860759493671,0.29133858267716534,0.16704288939051917,0.1640378548895899,0.40625,0.23370786516853934,0.7096681,0.7593505,0.7336691
Debate_Data/Mitterand Chirac/Partie 9 - La Russie,0.3902439024390244,0.3037974683544304,0.34163701067615665,0.09836065573770492,0.07643312101910828,0.08602150537634409,0.18699186991869918,0.14556962025316456,0.16370106761565834,0.69183886,0.7112738,0.70142174,0.49324324324324326,0.3411214953271028,0.40331491712707174,0.1836734693877551,0.1267605633802817,0.15,0.2972972972972973,0.205607476635514,0.24309392265193372,0.7267732,0.7022451,0.71429867,0.3645833333333333,0.8177570093457944,0.5043227665706053,0.22338204592901878,0.5023474178403756,0.3092485549132948,0.22291666666666668,0.5,0.30835734870317005,0.75736684,0.80498886,0.7804521
Debate_Data/Mitterand Chirac/Partie 1 - Intro,0.3029661016949153,0.49480968858131485,0.37582128777923784,0.06369426751592357,0.17341040462427745,0.09316770186335403,0.1440677966101695,0.19883040935672514,0.16707616707616707,0.66693145,0.71137136,0.68843496,0.4701492537313433,0.3620689655172414,0.40909090909090906,0.16541353383458646,0.06451612903225806,0.09282700421940929,0.30597014925373134,0.11988304093567251,0.17226890756302524,0.73426783,0.7149501,0.7151307,0.36585365853658536,0.5263157894736842,0.4316546762589928,0.13238289205702647,0.37572254335260113,0.19578313253012047,0.13821138211382114,0.39080459770114945,0.2042042042042042,0.7507181,0.77221096,0.76131284
Debate_Data/Mitterand Chirac/Partie 7 - Education,0.4528301886792453,0.13043478260869565,0.20253164556962022,0.09615384615384616,0.0273224043715847,0.0425531914893617,0.2830188679245283,0.08152173913043478,0.12658227848101267,0.67235863,0.6542233,0.6624138,0.35,0.532608695652174,0.4224137931034483,0.12903225806451613,0.19672131147540983,0.15584415584415584,0.19285714285714287,0.29347826086956524,0.23275862068965517,0.7153183,0.76474154,0.73145866,0.43812709030100333,0.6616161616161617,0.5271629778672032,0.17785234899328858,0.26903553299492383,0.21414141414141416,0.23745819397993312,0.3858695652173913,0.2939958592132505,0.74259675,0.81037265,0.7620984
Debate_Data/Bardella Véran/Partie 2 - Solidarité,0.46346555323590816,0.4966442953020134,0.4794816414686825,0.08368200836820083,0.16393442622950818,0.11080332409972299,0.16701461377870563,0.1789709172259508,0.17278617710583152,0.72541356,0.74932694,0.7371764,0.3591549295774648,0.4163265306122449,0.385633270321361,0.10247349823321555,0.11885245901639344,0.11005692599620492,0.1795774647887324,0.20816326530612245,0.1928166351606805,0.72013354,0.72326386,0.7216953,0.5355555555555556,0.5391498881431768,0.5373467112597548,0.16703786191536749,0.3073770491803279,0.21645021645021648,0.18,0.3306122448979592,0.23309352517985613,0.766336,0.787641,0.7768424
Debate_Data/Bardella Véran/Partie 4 - La retraite,0.36486486486486486,0.48214285714285715,0.41538461538461535,0.19004524886877827,0.11965811965811966,0.14685314685314685,0.2702702702702703,0.17045454545454544,0.20905923344947736,0.6883342,0.7227668,0.700559,0.39540816326530615,0.5201342281879194,0.4492753623188406,0.11764705882352941,0.2754491017964072,0.1648745519713262,0.17857142857142858,0.2348993288590604,0.20289855072463767,0.7473228,0.76984584,0.7584171,0.5392953929539296,0.6357827476038339,0.5835777126099707,0.2418478260869565,0.28525641025641024,0.2617647058823529,0.2764227642276423,0.3258785942492013,0.2991202346041056,0.78901446,0.8062834,0.7975555
Debate_Data/Bardella Véran/Partie 6 - International,0.38976377952755903,0.4583333333333333,0.42127659574468085,0.13043478260869565,0.15348837209302327,0.14102564102564102,0.1889763779527559,0.2222222222222222,0.2042553191489362,0.71985495,0.7354228,0.7233966,0.3983739837398374,0.4260869565217391,0.41176470588235287,0.20491803278688525,0.11363636363636363,0.14619883040935672,0.3008130081300813,0.193717277486911,0.23566878980891723,0.7653892,0.7607001,0.76303744,0.36818181818181817,0.75,0.49390243902439024,0.20273348519362186,0.413953488372093,0.27217125382262997,0.22045454545454546,0.44907407407407407,0.2957317073170732,0.7476969,0.7755536,0.75719947
Debate_Data/Bardella Véran/Partie 3 - Le Voile,0.42105263157894735,0.4406779661016949,0.4306418219461698,0.15040650406504066,0.15546218487394958,0.1528925619834711,0.17813765182186234,0.21256038647342995,0.1938325991189427,0.70801884,0.742957,0.7206073,0.33153638814016173,0.5146443514644351,0.40327868852459015,0.07837837837837838,0.2457627118644068,0.11885245901639346,0.1509433962264151,0.23430962343096234,0.18360655737704917,0.7053488,0.75380707,0.7275005,0.4019607843137255,0.6949152542372882,0.5093167701863355,0.20147420147420148,0.34893617021276596,0.2554517133956386,0.25,0.4322033898305085,0.31677018633540377,0.74598557,0.7996834,0.764421
Debate_Data/Bardella Véran/Partie 5 - Pouvoir d_achat,0.39466666666666667,0.3681592039800995,0.380952380952381,0.09893048128342247,0.10914454277286136,0.10378681626928472,0.15466666666666667,0.166189111747851,0.16022099447513813,0.7195153,0.731139,0.72472405,0.4112734864300626,0.4900497512437811,0.44721906923950056,0.07531380753138076,0.22641509433962265,0.1130298273155416,0.1732776617954071,0.2064676616915423,0.188422247446084,0.7227677,0.7402899,0.7314239,0.4051724137931034,0.5875,0.47959183673469385,0.1341991341991342,0.1949685534591195,0.15897435897435896,0.3103448275862069,0.1791044776119403,0.22712933753943218,0.7372333,0.7423241,0.7363657
Debate_Data/Bardella Véran/Partie 1 - Santé,0.46228710462287104,0.4460093896713615,0.4540023894862605,0.14390243902439023,0.1388235294117647,0.1413173652694611,0.1897810218978102,0.18309859154929578,0.1863799283154122,0.7244507,0.7480992,0.73608506,0.45727482678983833,0.47368421052631576,0.46533490011750883,0.1111111111111111,0.11510791366906475,0.11307420494699646,0.18244803695150116,0.18899521531100477,0.18566392479435956,0.74070704,0.7577225,0.7475688,0.5771144278606966,0.5550239234449761,0.5658536585365854,0.2144638403990025,0.20623501199040767,0.2102689486552567,0.19900497512437812,0.3669724770642202,0.2580645161290323,0.795362,0.77714103,0.7861459
Debate_Data/Autain_Attal_Bardella_Alignmeet/Partie 7 - La police/Partie 1,0.3511450381679389,0.5702479338842975,0.4346456692913385,0.11989795918367346,0.1950207468879668,0.1484992101105845,0.16030534351145037,0.2603305785123967,0.1984251968503937,0.6701209,0.7149477,0.6918089,0.4270833333333333,0.33884297520661155,0.37788018433179726,0.1256544502617801,0.0995850622406639,0.1111111111111111,0.22916666666666666,0.18181818181818182,0.20276497695852533,0.7340846,0.7019875,0.71767735,0.4255952380952381,0.5909090909090909,0.4948096885813149,0.18507462686567164,0.2572614107883817,0.21527777777777776,0.2261904761904762,0.30522088353413657,0.25982905982905985,0.73350257,0.7466027,0.7399947
Debate_Data/Autain_Attal_Bardella_Alignmeet/Partie 7 - La police/Partie 2,0.3893129770992366,0.42857142857142855,0.40800000000000003,0.11479591836734694,0.12640449438202248,0.12032085561497326,0.1806615776081425,0.19887955182072828,0.18933333333333333,0.6889829,0.7305531,0.7091593,0.4444444444444444,0.49299719887955185,0.4674634794156706,0.12658227848101267,0.1404494382022472,0.13315579227696406,0.1717171717171717,0.2328767123287671,0.19767441860465115,0.72807074,0.74712956,0.73747706,0.5767790262172284,0.43137254901960786,0.49358974358974367,0.16541353383458646,0.2875816993464052,0.21002386634844866,0.22846441947565543,0.3961038961038961,0.28978622327790976,0.730705,0.7887089,0.7530375
Debate_Data/Autain_Attal_Bardella_Alignmeet/Partie_1- Ukraine,0.4497354497354497,0.4722222222222222,0.46070460704607047,0.1595744680851064,0.16759776536312848,0.16348773841961853,0.18518518518518517,0.19444444444444445,0.18970189701897017,0.6995194,0.72855246,0.7137408,0.4697986577181208,0.3888888888888889,0.425531914893617,0.17567567567567569,0.1087866108786611,0.1343669250645995,0.18120805369127516,0.20454545454545456,0.19217081850533807,0.7384427,0.7028245,0.7201935,0.3604887983706721,0.6833976833976834,0.472,0.15306122448979592,0.41899441340782123,0.22421524663677128,0.19144602851323828,0.39166666666666666,0.2571819425444596,0.720191,0.7677568,0.74321365
Debate_Data/Autain_Attal_Bardella_Alignmeet/Partie_4-Retraite,0.42048517520215634,0.45217391304347826,0.43575418994413406,0.11891891891891893,0.1588447653429603,0.13601236476043277,0.15902964959568733,0.21223021582733814,0.18181818181818182,0.70214784,0.7233336,0.7125833,0.3804347826086957,0.4057971014492754,0.39270687237026647,0.08991825613079019,0.12890625,0.10593900481540931,0.14673913043478262,0.19424460431654678,0.1671826625386997,0.73902047,0.73138964,0.73518527,0.44416243654822335,0.7172131147540983,0.54858934169279,0.19592875318066158,0.3168724279835391,0.2421383647798742,0.24619289340101522,0.3975409836065574,0.30407523510971785,0.753353,0.76929414,0.7570877
Debate_Data/Autain_Attal_Bardella_Alignmeet/Partie 6 - L'éducation/Partie 1,0.2638888888888889,0.5277777777777778,0.35185185185185186,0.09407665505226481,0.135678391959799,0.11111111111111112,0.15625,0.225,0.18442622950819673,0.64995337,0.70491505,0.67314935,0.3458646616541353,0.46,0.3948497854077253,0.1169811320754717,0.2052980132450331,0.1490384615384615,0.16165413533834586,0.28289473684210525,0.20574162679425836,0.7050808,0.7360795,0.71923095,0.5084745762711864,0.6,0.5504587155963302,0.225531914893617,0.2663316582914573,0.2442396313364055,0.3050847457627119,0.36,0.3302752293577982,0.7587366,0.81013066,0.77765536
Debate_Data/Autain_Attal_Bardella_Alignmeet/Partie 6 - L'éducation/Partie 2,0.41621621621621624,0.48427672955974843,0.4476744186046512,0.1358695652173913,0.15822784810126583,0.14619883040935674,0.1945945945945946,0.22641509433962265,0.20930232558139536,0.68066275,0.71423733,0.6952842,0.3543046357615894,0.47555555555555556,0.4060721062618596,0.08305647840531562,0.15822784810126583,0.10893246187363835,0.1357615894039735,0.2578616352201258,0.17787418655097617,0.7117779,0.7314857,0.7214973,0.36187845303867405,0.5822222222222222,0.4463373083475298,0.13019390581717452,0.2974683544303797,0.18111753371868977,0.18232044198895028,0.4024390243902439,0.25095057034220536,0.70523703,0.76221675,0.7326207
Debate_Data/Autain_Attal_Bardella_Alignmeet/Partie_3-Carburant,0.3804347826086957,0.3888888888888889,0.38461538461538464,0.09818181818181818,0.1443850267379679,0.11688311688311687,0.14130434782608695,0.2074468085106383,0.16810344827586204,0.6791135,0.7326419,0.70486295,0.3844221105527638,0.48881789137380194,0.430379746835443,0.12846347607052896,0.16346153846153846,0.14386459802538787,0.18090452261306533,0.23003194888178913,0.20253164556962025,0.74260044,0.76789325,0.75503504,0.5377358490566038,0.6333333333333333,0.5816326530612245,0.24290220820189273,0.2862453531598513,0.26279863481228666,0.3081761006289308,0.362962962962963,0.33333333333333337,0.78181857,0.79662734,0.7891535
Debate_Data/Autain_Attal_Bardella_Alignmeet/Partie_2-Ecologie,0.5208333333333334,0.33112582781456956,0.4048582995951417,0.16230366492146597,0.10299003322259136,0.12601626016260162,0.2708333333333333,0.17218543046357615,0.21052631578947367,0.71549106,0.72852284,0.71058685,0.5847457627118644,0.22847682119205298,0.32857142857142857,0.11965811965811966,0.046511627906976744,0.06698564593301436,0.2542372881355932,0.13513513513513514,0.1764705882352941,0.7377837,0.67884994,0.7067635,0.4839572192513369,0.5993377483443708,0.5355029585798816,0.19839142091152814,0.24584717607973422,0.21958456973293772,0.2647058823529412,0.32781456953642385,0.29289940828402367,0.73281336,0.76882136,0.73826885
Debate_Data/Autain_Attal_Bardella_Alignmeet/Partie 5 - Services Publics,0.42517006802721086,0.40192926045016075,0.4132231404958678,0.10580204778156997,0.1,0.10281923714759537,0.14625850340136054,0.2107843137254902,0.17269076305220885,0.6923295,0.71168303,0.7018729,0.3187250996015936,0.39215686274509803,0.3516483516483517,0.072,0.1258741258741259,0.0916030534351145,0.17928286852589642,0.22058823529411764,0.1978021978021978,0.7011838,0.69189435,0.69643015,0.5205479452054794,0.4887459807073955,0.5041459369817579,0.15807560137457044,0.32167832167832167,0.2119815668202765,0.17123287671232876,0.3472222222222222,0.2293577981651376,0.75666964,0.7740463,0.7632356
Debate_Data/Mélenchon_Guaino_Alignmeet/Partie 1 - Mariage pour tous,0.4435146443514644,0.37857142857142856,0.4084778420038536,0.10504201680672269,0.08960573476702509,0.09671179883945842,0.18828451882845187,0.16071428571428573,0.17341040462427748,0.67915523,0.70186794,0.6888583,0.45483870967741935,0.5035714285714286,0.47796610169491527,0.15210355987055016,0.16845878136200718,0.1598639455782313,0.2064516129032258,0.22857142857142856,0.21694915254237288,0.7358537,0.7671125,0.7462301,0.453125,0.45789473684210524,0.45549738219895286,0.3089005235602094,0.1475,0.19966159052453467,0.2760416666666667,0.2789473684210526,0.27748691099476436,0.7556485,0.7648134,0.7602033
Debate_Data/Mélenchon_Guaino_Alignmeet/Partie 2 - Police,0.44387755102040816,0.41037735849056606,0.42647058823529416,0.09743589743589744,0.09004739336492891,0.09359605911330049,0.14795918367346939,0.25663716814159293,0.1877022653721683,0.6935079,0.71979046,0.7040673,0.4696969696969697,0.5344827586206896,0.5,0.22137404580152673,0.25217391304347825,0.23577235772357721,0.3181818181818182,0.3620689655172414,0.33870967741935487,0.78039014,0.7849778,0.78267723,0.4,0.6201550387596899,0.486322188449848,0.17042606516290726,0.3222748815165877,0.22295081967213112,0.2225,0.419811320754717,0.2908496732026144,0.7497826,0.7884055,0.7641817
Debate_Data/Mélenchon_Guaino_Alignmeet/Partie 5 - L_EUROPE,0.4724770642201835,0.5819209039548022,0.5215189873417722,0.167816091954023,0.20679886685552407,0.18527918781725886,0.20642201834862386,0.2542372881355932,0.2278481012658228,0.74309444,0.7718988,0.75722283,0.42173112338858193,0.4446601941747573,0.43289224952741023,0.11992619926199262,0.1264591439688716,0.12310606060606061,0.13812154696132597,0.211864406779661,0.16722408026755856,0.7258739,0.74666214,0.73004586,0.5155807365439093,0.5141242937853108,0.5148514851485149,0.15625,0.24553571428571427,0.1909722222222222,0.20113314447592068,0.31555555555555553,0.24567474048442908,0.7584031,0.76173353,0.7600647
Debate_Data/Mélenchon_Guaino_Alignmeet/Partie 3 - Islamisme,0.424,0.33974358974358976,0.37722419928825623,0.14516129032258066,0.11612903225806452,0.12903225806451613,0.24,0.19230769230769232,0.2135231316725979,0.716893,0.71878654,0.7162318,0.42,0.45454545454545453,0.43659043659043656,0.1566265060240964,0.16956521739130434,0.162839248434238,0.176,0.21890547263681592,0.1951219512195122,0.7102841,0.7231352,0.7140717,0.3815028901734104,0.5714285714285714,0.45753899480069327,0.1536231884057971,0.23043478260869565,0.18434782608695652,0.18786127167630057,0.2813852813852814,0.22530329289428078,0.70969427,0.7531061,0.7302066
Debate_Data/Mélenchon_Guaino_Alignmeet/Partie 6 - L_euro et le franc,0.5443037974683544,0.2654320987654321,0.35684647302904565,0.16666666666666666,0.08074534161490683,0.10878661087866108,0.3291139240506329,0.16049382716049382,0.21576763485477177,0.71356547,0.6929047,0.7014486,0.3261802575107296,0.2676056338028169,0.29400386847195353,0.06896551724137931,0.05653710247349823,0.0621359223300971,0.15879828326180256,0.13028169014084506,0.14313346228239845,0.67821443,0.6754589,0.67683387,0.4772727272727273,0.7394366197183099,0.5801104972375691,0.23690205011389523,0.3674911660777385,0.28808864265927975,0.27045454545454545,0.41901408450704225,0.32872928176795574,0.75639975,0.78446084,0.77017474
Debate_Data/Mélenchon_Guaino_Alignmeet/Partie 4 - Sixième République,0.6106194690265486,0.2827868852459016,0.3865546218487395,0.25892857142857145,0.11934156378600823,0.16338028169014082,0.26548672566371684,0.2158273381294964,0.23809523809523808,0.7239189,0.7282231,0.7224042,0.3918918918918919,0.39908256880733944,0.39545454545454545,0.09502262443438914,0.08641975308641975,0.09051724137931035,0.17567567567567569,0.17889908256880735,0.17727272727272728,0.7063762,0.72647077,0.71128184,0.35185185185185186,0.6972477064220184,0.4676923076923077,0.18561484918793503,0.3292181069958848,0.23738872403560826,0.24537037037037038,0.4344262295081967,0.3136094674556213,0.724086,0.776031,0.74603605
